,date,temp
0,1981-01-01,20.7
1,1981-01-02,17.9
2,1981-01-03,18.8
3,1981-01-04,14.6
4,1981-01-05,15.8
5,1981-01-06,15.8
6,1981-01-07,15.8
7,1981-01-08,17.4
8,1981-01-09,21.8
9,1981-01-10,20.0
10,1981-01-11,16.2
11,1981-01-12,13.3
12,1981-01-13,16.7
13,1981-01-14,21.5
14,1981-01-15,25.0
15,1981-01-16,20.7
16,1981-01-17,20.6
17,1981-01-18,24.8
18,1981-01-19,17.7
19,1981-01-20,15.5
20,1981-01-21,18.2
21,1981-01-22,12.1
22,1981-01-23,14.4
23,1981-01-24,16.0
24,1981-01-25,16.5
25,1981-01-26,18.7
26,1981-01-27,19.4
27,1981-01-28,17.2
28,1981-01-29,15.5
29,1981-01-30,15.1
30,1981-01-31,15.4
31,1981-02-01,15.3
32,1981-02-02,18.8
33,1981-02-03,21.9
34,1981-02-04,19.9
35,1981-02-05,16.6
36,1981-02-06,16.8
37,1981-02-07,14.6
38,1981-02-08,17.1
39,1981-02-09,25.0
40,1981-02-10,15.0
41,1981-02-11,13.7
42,1981-02-12,13.9
43,1981-02-13,18.3
44,1981-02-14,22.0
45,1981-02-15,22.1
46,1981-02-16,21.2
47,1981-02-17,18.4
48,1981-02-18,16.6
49,1981-02-19,16.1
50,1981-02-20,15.7
51,1981-02-21,16.6
52,1981-02-22,16.5
53,1981-02-23,14.4
54,1981-02-24,14.4
55,1981-02-25,18.5
56,1981-02-26,16.9
57,1981-02-27,17.5
58,1981-02-28,21.2
59,1981-03-01,17.8
60,1981-03-02,18.6
61,1981-03-03,17.0
62,1981-03-04,16.0
63,1981-03-05,13.3
64,1981-03-06,14.3
65,1981-03-07,11.4
66,1981-03-08,16.3
67,1981-03-09,16.1
68,1981-03-10,11.8
69,1981-03-11,12.2
70,1981-03-12,14.7
71,1981-03-13,11.8
72,1981-03-14,11.3
73,1981-03-15,10.6
74,1981-03-16,11.7
75,1981-03-17,14.2
76,1981-03-18,11.2
77,1981-03-19,16.9
78,1981-03-20,16.7
79,1981-03-21,8.1
80,1981-03-22,8.0
81,1981-03-23,8.8
82,1981-03-24,13.4
83,1981-03-25,10.9
84,1981-03-26,13.4
85,1981-03-27,11.0
86,1981-03-28,15.0
87,1981-03-29,15.7
88,1981-03-30,14.5
89,1981-03-31,15.8
90,1981-04-01,16.7
91,1981-04-02,16.8
92,1981-04-03,17.5
93,1981-04-04,17.1
94,1981-04-05,18.1
95,1981-04-06,16.6
96,1981-04-07,10.0
97,1981-04-08,14.9
98,1981-04-09,15.9
99,1981-04-10,13.0
100,1981-04-11,7.6
101,1981-04-12,11.5
102,1981-04-13,13.5
103,1981-04-14,13.0
104,1981-04-15,13.3
105,1981-04-16,12.1
106,1981-04-17,12.4
107,1981-04-18,13.2
108,1981-04-19,13.8
109,1981-04-20,10.6
110,1981-04-21,9.0
111,1981-04-22,10.0
112,1981-04-23,9.8
113,1981-04-24,11.5
114,1981-04-25,8.9
115,1981-04-26,7.4
116,1981-04-27,9.9
117,1981-04-28,9.3
118,1981-04-29,9.9
119,1981-04-30,7.4
120,1981-05-01,8.6
121,1981-05-02,11.9
122,1981-05-03,14.0
123,1981-05-04,8.6
124,1981-05-05,10.0
125,1981-05-06,13.5
126,1981-05-07,12.0
127,1981-05-08,10.5
128,1981-05-09,10.7
129,1981-05-10,8.1
130,1981-05-11,10.1
131,1981-05-12,10.6
132,1981-05-13,5.3
133,1981-05-14,6.6
134,1981-05-15,8.5
135,1981-05-16,11.2
136,1981-05-17,9.8
137,1981-05-18,5.9
138,1981-05-19,3.2
139,1981-05-20,2.1
140,1981-05-21,3.4
141,1981-05-22,5.4
142,1981-05-23,9.6
143,1981-05-24,11.5
144,1981-05-25,12.3
145,1981-05-26,12.6
146,1981-05-27,11.0
147,1981-05-28,11.2
148,1981-05-29,11.4
149,1981-05-30,11.8
150,1981-05-31,12.8
151,1981-06-01,11.6
152,1981-06-02,10.6
153,1981-06-03,9.8
154,1981-06-04,11.2
155,1981-06-05,5.7
156,1981-06-06,7.1
157,1981-06-07,2.5
158,1981-06-08,3.5
159,1981-06-09,4.6
160,1981-06-10,11.0
161,1981-06-11,5.7
162,1981-06-12,7.7
163,1981-06-13,10.4
164,1981-06-14,11.4
165,1981-06-15,9.2
166,1981-06-16,6.1
167,1981-06-17,2.7
168,1981-06-18,4.3
169,1981-06-19,6.3
170,1981-06-20,3.8
171,1981-06-21,4.4
172,1981-06-22,7.1
173,1981-06-23,4.8
174,1981-06-24,5.8
175,1981-06-25,6.2
176,1981-06-26,7.3
177,1981-06-27,9.2
178,1981-06-28,10.2
179,1981-06-29,9.5
180,1981-06-30,9.5
181,1981-07-01,10.7
182,1981-07-02,10.0
183,1981-07-03,6.5
184,1981-07-04,7.0
185,1981-07-05,7.4
186,1981-07-06,8.1
187,1981-07-07,6.6
188,1981-07-08,8.3
189,1981-07-09,8.9
190,1981-07-10,4.6
191,1981-07-11,6.8
192,1981-07-12,5.7
193,1981-07-13,6.1
194,1981-07-14,7.0
195,1981-07-15,7.2
196,1981-07-16,6.3
197,1981-07-17,8.8
198,1981-07-18,5.0
199,1981-07-19,7.4
200,1981-07-20,10.1
201,1981-07-21,12.0
202,1981-07-22,9.0
203,1981-07-23,8.9
204,1981-07-24,9.8
205,1981-07-25,9.0
206,1981-07-26,9.2
207,1981-07-27,7.7
208,1981-07-28,8.0
209,1981-07-29,6.1
210,1981-07-30,3.5
211,1981-07-31,3.2
212,1981-08-01,5.7
213,1981-08-02,7.7
214,1981-08-03,9.0
215,1981-08-04,10.0
216,1981-08-05,6.2
217,1981-08-06,6.9
218,1981-08-07,6.5
219,1981-08-08,6.8
220,1981-08-09,7.0
221,1981-08-10,5.2
222,1981-08-11,3.0
223,1981-08-12,5.6
224,1981-08-13,7.9
225,1981-08-14,9.0
226,1981-08-15,8.6
227,1981-08-16,10.3
228,1981-08-17,10.5
229,1981-08-18,7.6
230,1981-08-19,9.7
231,1981-08-20,12.5
232,1981-08-21,7.4
233,1981-08-22,7.9
234,1981-08-23,3.9
235,1981-08-24,6.6
236,1981-08-25,4.6
237,1981-08-26,7.0
238,1981-08-27,6.0
239,1981-08-28,5.5
240,1981-08-29,8.1
241,1981-08-30,5.5
242,1981-08-31,6.2
243,1981-09-01,8.0
244,1981-09-02,10.3
245,1981-09-03,9.8
246,1981-09-04,9.6
247,1981-09-05,8.5
248,1981-09-06,7.5
249,1981-09-07,11.2
250,1981-09-08,14.6
251,1981-09-09,11.7
252,1981-09-10,7.8
253,1981-09-11,12.3
254,1981-09-12,10.1
255,1981-09-13,11.5
256,1981-09-14,7.3
257,1981-09-15,10.9
258,1981-09-16,14.1
259,1981-09-17,10.7
260,1981-09-18,16.9
261,1981-09-19,10.5
262,1981-09-20,6.5
263,1981-09-21,11.0
264,1981-09-22,6.3
265,1981-09-23,10.5
266,1981-09-24,7.2
267,1981-09-25,7.6
268,1981-09-26,10.7
269,1981-09-27,7.8
270,1981-09-28,9.6
271,1981-09-29,11.4
272,1981-09-30,12.4
273,1981-10-01,8.9
274,1981-10-02,13.2
275,1981-10-03,8.6
276,1981-10-04,6.2
277,1981-10-05,11.4
278,1981-10-06,13.2
279,1981-10-07,14.3
280,1981-10-08,7.3
281,1981-10-09,12.9
282,1981-10-10,7.8
283,1981-10-11,6.2
284,1981-10-12,5.6
285,1981-10-13,10.0
286,1981-10-14,13.3
287,1981-10-15,8.3
288,1981-10-16,10.2
289,1981-10-17,8.6
290,1981-10-18,7.3
291,1981-10-19,10.4
292,1981-10-20,11.2
293,1981-10-21,13.2
294,1981-10-22,11.4
295,1981-10-23,9.1
296,1981-10-24,6.6
297,1981-10-25,8.4
298,1981-10-26,9.7
299,1981-10-27,13.2
300,1981-10-28,12.5
301,1981-10-29,11.0
302,1981-10-30,11.0
303,1981-10-31,11.7
304,1981-11-01,9.2
305,1981-11-02,11.5
306,1981-11-03,13.6
307,1981-11-04,13.7
308,1981-11-05,10.4
309,1981-11-06,11.5
310,1981-11-07,7.6
311,1981-11-08,9.6
312,1981-11-09,14.2
313,1981-11-10,15.7
314,1981-11-11,10.5
315,1981-11-12,10.5
316,1981-11-13,9.7
317,1981-11-14,9.5
318,1981-11-15,11.3
319,1981-11-16,8.9
320,1981-11-17,9.4
321,1981-11-18,11.9
322,1981-11-19,11.7
323,1981-11-20,13.4
324,1981-11-21,12.6
325,1981-11-22,10.1
326,1981-11-23,15.8
327,1981-11-24,13.6
328,1981-11-25,11.9
329,1981-11-26,9.9
330,1981-11-27,12.6
331,1981-11-28,17.8
332,1981-11-29,15.0
333,1981-11-30,13.6
334,1981-12-01,13.4
335,1981-12-02,10.5
336,1981-12-03,14.2
337,1981-12-04,11.5
338,1981-12-05,13.0
339,1981-12-06,15.0
340,1981-12-07,14.7
341,1981-12-08,12.6
342,1981-12-09,12.5
343,1981-12-10,13.5
344,1981-12-11,14.8
345,1981-12-12,17.2
346,1981-12-13,9.7
347,1981-12-14,12.1
348,1981-12-15,12.8
349,1981-12-16,11.2
350,1981-12-17,16.4
351,1981-12-18,15.6
352,1981-12-19,13.3
353,1981-12-20,11.0
354,1981-12-21,11.1
355,1981-12-22,15.0
356,1981-12-23,12.8
357,1981-12-24,15.0
358,1981-12-25,14.2
359,1981-12-26,14.0
360,1981-12-27,15.5
361,1981-12-28,13.3
362,1981-12-29,15.6
363,1981-12-30,15.2
364,1981-12-31,17.4
365,1982-01-01,17.0
366,1982-01-02,15.0
367,1982-01-03,13.5
368,1982-01-04,15.2
369,1982-01-05,13.0
370,1982-01-06,12.5
371,1982-01-07,14.1
372,1982-01-08,14.8
373,1982-01-09,16.2
374,1982-01-10,15.8
375,1982-01-11,19.1
376,1982-01-12,22.2
377,1982-01-13,15.9
378,1982-01-14,13.0
379,1982-01-15,14.1
380,1982-01-16,15.8
381,1982-01-17,24.0
382,1982-01-18,18.0
383,1982-01-19,19.7
384,1982-01-20,25.2
385,1982-01-21,20.5
386,1982-01-22,19.3
387,1982-01-23,15.8
388,1982-01-24,17.0
389,1982-01-25,18.4
390,1982-01-26,13.3
391,1982-01-27,14.6
392,1982-01-28,12.5
393,1982-01-29,17.0
394,1982-01-30,17.1
395,1982-01-31,14.0
396,1982-02-01,14.6
397,1982-02-02,13.3
398,1982-02-03,14.8
399,1982-02-04,15.1
400,1982-02-05,13.1
401,1982-02-06,13.6
402,1982-02-07,19.5
403,1982-02-08,22.7
404,1982-02-09,17.2
405,1982-02-10,13.5
406,1982-02-11,15.4
407,1982-02-12,17.0
408,1982-02-13,19.2
409,1982-02-14,22.8
410,1982-02-15,26.3
411,1982-02-16,18.2
412,1982-02-17,17.0
413,1982-02-18,14.8
414,1982-02-19,12.8
415,1982-02-20,15.5
416,1982-02-21,15.6
417,1982-02-22,13.1
418,1982-02-23,15.2
419,1982-02-24,14.1
420,1982-02-25,12.5
421,1982-02-26,14.6
422,1982-02-27,10.4
423,1982-02-28,13.9
424,1982-03-01,11.9
425,1982-03-02,13.5
426,1982-03-03,9.8
427,1982-03-04,14.0
428,1982-03-05,21.5
429,1982-03-06,19.5
430,1982-03-07,16.7
431,1982-03-08,19.1
432,1982-03-09,11.0
433,1982-03-10,9.0
434,1982-03-11,10.0
435,1982-03-12,14.6
436,1982-03-13,12.5
437,1982-03-14,17.2
438,1982-03-15,19.2
439,1982-03-16,22.2
440,1982-03-17,15.7
441,1982-03-18,14.2
442,1982-03-19,9.8
443,1982-03-20,14.0
444,1982-03-21,17.5
445,1982-03-22,20.7
446,1982-03-23,15.6
447,1982-03-24,13.2
448,1982-03-25,14.5
449,1982-03-26,16.8
450,1982-03-27,17.2
451,1982-03-28,13.4
452,1982-03-29,14.2
453,1982-03-30,14.3
454,1982-03-31,10.2
455,1982-04-01,10.4
456,1982-04-02,12.3
457,1982-04-03,11.9
458,1982-04-04,11.2
459,1982-04-05,8.5
460,1982-04-06,12.0
461,1982-04-07,12.4
462,1982-04-08,12.9
463,1982-04-09,10.1
464,1982-04-10,15.0
465,1982-04-11,13.6
466,1982-04-12,12.4
467,1982-04-13,13.6
468,1982-04-14,16.1
469,1982-04-15,19.5
470,1982-04-16,14.2
471,1982-04-17,9.3
472,1982-04-18,10.1
473,1982-04-19,7.4
474,1982-04-20,8.6
475,1982-04-21,7.8
476,1982-04-22,9.1
477,1982-04-23,13.0
478,1982-04-24,16.5
479,1982-04-25,12.9
480,1982-04-26,6.9
481,1982-04-27,6.9
482,1982-04-28,8.7
483,1982-04-29,10.0
484,1982-04-30,10.8
485,1982-05-01,7.5
486,1982-05-02,6.3
487,1982-05-03,11.9
488,1982-05-04,13.8
489,1982-05-05,11.8
490,1982-05-06,11.0
491,1982-05-07,10.1
492,1982-05-08,8.5
493,1982-05-09,5.5
494,1982-05-10,7.6
495,1982-05-11,8.7
496,1982-05-12,10.8
497,1982-05-13,11.2
498,1982-05-14,9.1
499,1982-05-15,3.7
500,1982-05-16,4.6
501,1982-05-17,6.6
502,1982-05-18,13.2
503,1982-05-19,15.2
504,1982-05-20,7.6
505,1982-05-21,8.4
506,1982-05-22,6.0
507,1982-05-23,8.3
508,1982-05-24,8.6
509,1982-05-25,11.1
510,1982-05-26,12.1
511,1982-05-27,12.9
512,1982-05-28,14.0
513,1982-05-29,12.5
514,1982-05-30,11.5
515,1982-05-31,7.0
516,1982-06-01,7.1
517,1982-06-02,9.0
518,1982-06-03,3.1
519,1982-06-04,2.5
520,1982-06-05,0.0
521,1982-06-06,1.6
522,1982-06-07,2.6
523,1982-06-08,5.7
524,1982-06-09,2.3
525,1982-06-10,4.5
526,1982-06-11,8.2
527,1982-06-12,6.9
528,1982-06-13,7.3
529,1982-06-14,6.0
530,1982-06-15,7.3
531,1982-06-16,7.6
532,1982-06-17,8.0
533,1982-06-18,8.0
534,1982-06-19,6.8
535,1982-06-20,7.3
536,1982-06-21,6.2
537,1982-06-22,6.9
538,1982-06-23,8.9
539,1982-06-24,4.0
540,1982-06-25,1.3
541,1982-06-26,0.8
542,1982-06-27,4.3
543,1982-06-28,7.3
544,1982-06-29,7.7
545,1982-06-30,9.0
546,1982-07-01,4.2
547,1982-07-02,1.6
548,1982-07-03,2.6
549,1982-07-04,3.4
550,1982-07-05,3.9
551,1982-07-06,7.0
552,1982-07-07,7.8
553,1982-07-08,5.3
554,1982-07-09,2.4
555,1982-07-10,2.8
556,1982-07-11,4.0
557,1982-07-12,7.5
558,1982-07-13,7.8
559,1982-07-14,5.6
560,1982-07-15,3.3
561,1982-07-16,5.0
562,1982-07-17,3.7
563,1982-07-18,3.9
564,1982-07-19,5.2
565,1982-07-20,0.2
566,1982-07-21,0.8
567,1982-07-22,0.9
568,1982-07-23,3.5
569,1982-07-24,6.6
570,1982-07-25,9.5
571,1982-07-26,9.0
572,1982-07-27,3.5
573,1982-07-28,4.5
574,1982-07-29,5.7
575,1982-07-30,5.6
576,1982-07-31,7.1
577,1982-08-01,9.7
578,1982-08-02,8.3
579,1982-08-03,9.1
580,1982-08-04,2.8
581,1982-08-05,2.2
582,1982-08-06,4.5
583,1982-08-07,3.8
584,1982-08-08,3.8
585,1982-08-09,6.2
586,1982-08-10,11.5
587,1982-08-11,10.2
588,1982-08-12,7.9
589,1982-08-13,9.0
590,1982-08-14,9.5
591,1982-08-15,6.0
592,1982-08-16,8.2
593,1982-08-17,9.2
594,1982-08-18,4.3
595,1982-08-19,6.6
596,1982-08-20,9.4
597,1982-08-21,13.2
598,1982-08-22,6.6
599,1982-08-23,5.1
600,1982-08-24,12.1
601,1982-08-25,11.2
602,1982-08-26,8.5
603,1982-08-27,4.6
604,1982-08-28,7.0
605,1982-08-29,14.2
606,1982-08-30,12.7
607,1982-08-31,7.6
608,1982-09-01,4.0
609,1982-09-02,10.0
610,1982-09-03,10.5
611,1982-09-04,5.0
612,1982-09-05,4.5
613,1982-09-06,8.2
614,1982-09-07,4.3
615,1982-09-08,9.8
616,1982-09-09,5.8
617,1982-09-10,5.0
618,1982-09-11,8.5
619,1982-09-12,9.0
620,1982-09-13,3.6
621,1982-09-14,6.7
622,1982-09-15,6.7
623,1982-09-16,10.1
624,1982-09-17,15.0
625,1982-09-18,8.9
626,1982-09-19,5.7
627,1982-09-20,4.2
628,1982-09-21,4.0
629,1982-09-22,5.3
630,1982-09-23,6.3
631,1982-09-24,8.5
632,1982-09-25,11.5
633,1982-09-26,7.7
634,1982-09-27,9.2
635,1982-09-28,7.8
636,1982-09-29,6.3
637,1982-09-30,6.3
638,1982-10-01,8.6
639,1982-10-02,6.1
640,1982-10-03,13.2
641,1982-10-04,9.9
642,1982-10-05,4.7
643,1982-10-06,5.8
644,1982-10-07,14.9
645,1982-10-08,10.7
646,1982-10-09,8.6
647,1982-10-10,9.4
648,1982-10-11,5.7
649,1982-10-12,10.9
650,1982-10-13,13.1
651,1982-10-14,10.4
652,1982-10-15,8.2
653,1982-10-16,9.8
654,1982-10-17,7.5
655,1982-10-18,5.8
656,1982-10-19,9.8
657,1982-10-20,7.9
658,1982-10-21,8.7
659,1982-10-22,10.0
660,1982-10-23,10.6
661,1982-10-24,8.0
662,1982-10-25,10.2
663,1982-10-26,15.1
664,1982-10-27,13.9
665,1982-10-28,9.2
666,1982-10-29,9.0
667,1982-10-30,13.2
668,1982-10-31,7.0
669,1982-11-01,10.6
670,1982-11-02,6.9
671,1982-11-03,9.5
672,1982-11-04,12.5
673,1982-11-05,13.6
674,1982-11-06,17.7
675,1982-11-07,16.0
676,1982-11-08,11.3
677,1982-11-09,10.5
678,1982-11-10,14.4
679,1982-11-11,10.3
680,1982-11-12,9.0
681,1982-11-13,11.1
682,1982-11-14,14.5
683,1982-11-15,18.0
684,1982-11-16,12.8
685,1982-11-17,10.7
686,1982-11-18,9.1
687,1982-11-19,8.7
688,1982-11-20,12.4
689,1982-11-21,12.6
690,1982-11-22,10.3
691,1982-11-23,13.7
692,1982-11-24,16.0
693,1982-11-25,15.8
694,1982-11-26,12.1
695,1982-11-27,12.5
696,1982-11-28,12.2
697,1982-11-29,13.7
698,1982-11-30,16.1
699,1982-12-01,15.5
700,1982-12-02,10.3
701,1982-12-03,10.5
702,1982-12-04,11.0
703,1982-12-05,11.9
704,1982-12-06,13.0
705,1982-12-07,12.2
706,1982-12-08,10.6
707,1982-12-09,13.0
708,1982-12-10,13.0
709,1982-12-11,12.2
710,1982-12-12,12.6
711,1982-12-13,18.7
712,1982-12-14,15.2
713,1982-12-15,15.3
714,1982-12-16,13.9
715,1982-12-17,15.8
716,1982-12-18,13.0
717,1982-12-19,13.0
718,1982-12-20,13.7
719,1982-12-21,12.0
720,1982-12-22,10.8
721,1982-12-23,15.6
722,1982-12-24,15.3
723,1982-12-25,13.9
724,1982-12-26,13.0
725,1982-12-27,15.3
726,1982-12-28,16.3
727,1982-12-29,15.8
728,1982-12-30,17.7
729,1982-12-31,16.3
730,1983-01-01,18.4
731,1983-01-02,15.0
732,1983-01-03,10.9
733,1983-01-04,11.4
734,1983-01-05,14.8
735,1983-01-06,12.1
736,1983-01-07,12.8
737,1983-01-08,16.2
738,1983-01-09,15.5
739,1983-01-10,13.0
740,1983-01-11,10.5
741,1983-01-12,9.1
742,1983-01-13,10.5
743,1983-01-14,11.8
744,1983-01-15,12.7
745,1983-01-16,12.7
746,1983-01-17,11.5
747,1983-01-18,13.8
748,1983-01-19,13.3
749,1983-01-20,11.6
750,1983-01-21,15.4
751,1983-01-22,12.4
752,1983-01-23,16.9
753,1983-01-24,14.7
754,1983-01-25,10.6
755,1983-01-26,15.6
756,1983-01-27,10.7
757,1983-01-28,12.6
758,1983-01-29,13.8
759,1983-01-30,14.3
760,1983-01-31,14.0
761,1983-02-01,18.1
762,1983-02-02,17.3
763,1983-02-03,13.0
764,1983-02-04,16.0
765,1983-02-05,14.9
766,1983-02-06,16.2
767,1983-02-07,20.3
768,1983-02-08,22.5
769,1983-02-09,17.2
770,1983-02-10,15.9
771,1983-02-11,16.8
772,1983-02-12,13.8
773,1983-02-13,12.8
774,1983-02-14,14.0
775,1983-02-15,17.5
776,1983-02-16,21.5
777,1983-02-17,16.8
778,1983-02-18,13.6
779,1983-02-19,14.5
780,1983-02-20,14.2
781,1983-02-21,15.7
782,1983-02-22,19.7
783,1983-02-23,17.4
784,1983-02-24,14.4
785,1983-02-25,16.9
786,1983-02-26,19.1
787,1983-02-27,20.4
788,1983-02-28,20.1
789,1983-03-01,19.9
790,1983-03-02,22.0
791,1983-03-03,20.5
792,1983-03-04,22.1
793,1983-03-05,20.6
794,1983-03-06,15.0
795,1983-03-07,20.6
796,1983-03-08,21.5
797,1983-03-09,16.2
798,1983-03-10,14.1
799,1983-03-11,14.5
800,1983-03-12,21.1
801,1983-03-13,15.9
802,1983-03-14,15.2
803,1983-03-15,13.1
804,1983-03-16,13.2
805,1983-03-17,12.5
806,1983-03-18,15.2
807,1983-03-19,17.6
808,1983-03-20,15.5
809,1983-03-21,16.7
810,1983-03-22,16.3
811,1983-03-23,15.1
812,1983-03-24,12.7
813,1983-03-25,10.0
814,1983-03-26,11.4
815,1983-03-27,12.6
816,1983-03-28,10.7
817,1983-03-29,10.0
818,1983-03-30,13.9
819,1983-03-31,13.4
820,1983-04-01,12.5
821,1983-04-02,12.8
822,1983-04-03,7.8
823,1983-04-04,11.1
824,1983-04-05,10.7
825,1983-04-06,7.1
826,1983-04-07,6.7
827,1983-04-08,5.7
828,1983-04-09,9.1
829,1983-04-10,15.2
830,1983-04-11,15.5
831,1983-04-12,11.1
832,1983-04-13,11.7
833,1983-04-14,11.5
834,1983-04-15,9.8
835,1983-04-16,6.2
836,1983-04-17,6.7
837,1983-04-18,7.5
838,1983-04-19,8.8
839,1983-04-20,8.0
840,1983-04-21,10.4
841,1983-04-22,14.5
842,1983-04-23,16.5
843,1983-04-24,14.1
844,1983-04-25,10.5
845,1983-04-26,12.6
846,1983-04-27,13.0
847,1983-04-28,8.7
848,1983-04-29,10.1
849,1983-04-30,12.0
850,1983-05-01,12.5
851,1983-05-02,13.5
852,1983-05-03,13.7
853,1983-05-04,13.5
854,1983-05-05,10.7
855,1983-05-06,13.0
856,1983-05-07,11.6
857,1983-05-08,13.0
858,1983-05-09,11.2
859,1983-05-10,13.5
860,1983-05-11,12.9
861,1983-05-12,6.8
862,1983-05-13,10.0
863,1983-05-14,14.5
864,1983-05-15,11.7
865,1983-05-16,6.7
866,1983-05-17,4.6
867,1983-05-18,4.9
868,1983-05-19,7.4
869,1983-05-20,8.3
870,1983-05-21,7.5
871,1983-05-22,6.2
872,1983-05-23,7.8
873,1983-05-24,13.2
874,1983-05-25,11.9
875,1983-05-26,6.5
876,1983-05-27,8.3
877,1983-05-28,12.1
878,1983-05-29,9.3
879,1983-05-30,7.5
880,1983-05-31,9.3
881,1983-06-01,11.0
882,1983-06-02,10.8
883,1983-06-03,5.3
884,1983-06-04,7.6
885,1983-06-05,5.6
886,1983-06-06,7.2
887,1983-06-07,9.6
888,1983-06-08,7.0
889,1983-06-09,8.3
890,1983-06-10,7.8
891,1983-06-11,4.7
892,1983-06-12,6.8
893,1983-06-13,7.2
894,1983-06-14,8.3
895,1983-06-15,9.5
896,1983-06-16,4.7
897,1983-06-17,3.0
898,1983-06-18,1.5
899,1983-06-19,2.5
900,1983-06-20,6.2
901,1983-06-21,11.6
902,1983-06-22,6.6
903,1983-06-23,6.6
904,1983-06-24,8.0
905,1983-06-25,7.9
906,1983-06-26,3.3
907,1983-06-27,3.9
908,1983-06-28,6.0
909,1983-06-29,4.0
910,1983-06-30,5.5
911,1983-07-01,8.5
912,1983-07-02,9.8
913,1983-07-03,9.5
914,1983-07-04,7.2
915,1983-07-05,8.1
916,1983-07-06,8.0
917,1983-07-07,8.5
918,1983-07-08,8.8
919,1983-07-09,8.3
920,1983-07-10,2.4
921,1983-07-11,4.9
922,1983-07-12,5.9
923,1983-07-13,6.7
924,1983-07-14,8.4
925,1983-07-15,6.5
926,1983-07-16,7.9
927,1983-07-17,4.1
928,1983-07-18,5.4
929,1983-07-19,7.5
930,1983-07-20,3.9
931,1983-07-21,2.5
932,1983-07-22,5.3
933,1983-07-23,6.6
934,1983-07-24,0.0
935,1983-07-25,0.7
936,1983-07-26,7.6
937,1983-07-27,12.3
938,1983-07-28,9.2
939,1983-07-29,9.6
940,1983-07-30,9.5
941,1983-07-31,10.0
942,1983-08-01,7.7
943,1983-08-02,8.0
944,1983-08-03,8.3
945,1983-08-04,8.3
946,1983-08-05,4.5
947,1983-08-06,6.5
948,1983-08-07,9.4
949,1983-08-08,9.4
950,1983-08-09,10.5
951,1983-08-10,10.7
952,1983-08-11,9.9
953,1983-08-12,7.6
954,1983-08-13,5.8
955,1983-08-14,8.5
956,1983-08-15,13.8
957,1983-08-16,14.3
958,1983-08-17,8.3
959,1983-08-18,5.3
960,1983-08-19,3.0
961,1983-08-20,5.2
962,1983-08-21,10.3
963,1983-08-22,11.1
964,1983-08-23,10.5
965,1983-08-24,9.0
966,1983-08-25,13.0
967,1983-08-26,6.4
968,1983-08-27,8.4
969,1983-08-28,6.7
970,1983-08-29,8.3
971,1983-08-30,11.2
972,1983-08-31,10.0
973,1983-09-01,10.1
974,1983-09-02,10.6
975,1983-09-03,10.9
976,1983-09-04,5.7
977,1983-09-05,9.5
978,1983-09-06,10.4
979,1983-09-07,11.1
980,1983-09-08,12.2
981,1983-09-09,10.6
982,1983-09-10,8.8
983,1983-09-11,9.2
984,1983-09-12,5.5
985,1983-09-13,7.1
986,1983-09-14,6.5
987,1983-09-15,4.3
988,1983-09-16,5.0
989,1983-09-17,11.2
990,1983-09-18,7.5
991,1983-09-19,12.0
992,1983-09-20,13.6
993,1983-09-21,8.3
994,1983-09-22,8.5
995,1983-09-23,12.9
996,1983-09-24,7.7
997,1983-09-25,7.6
998,1983-09-26,3.5
999,1983-09-27,10.4
1000,1983-09-28,15.4
1001,1983-09-29,10.6
1002,1983-09-30,9.6
1003,1983-10-01,9.3
1004,1983-10-02,13.9
1005,1983-10-03,7.7
1006,1983-10-04,9.5
1007,1983-10-05,7.6
1008,1983-10-06,6.9
1009,1983-10-07,6.8
1010,1983-10-08,5.8
1011,1983-10-09,6.0
1012,1983-10-10,8.3
1013,1983-10-11,9.1
1014,1983-10-12,12.5
1015,1983-10-13,13.2
1016,1983-10-14,16.2
1017,1983-10-15,12.5
1018,1983-10-16,11.8
1019,1983-10-17,10.6
1020,1983-10-18,10.0
1021,1983-10-19,12.2
1022,1983-10-20,8.9
1023,1983-10-21,10.3
1024,1983-10-22,7.5
1025,1983-10-23,11.6
1026,1983-10-24,12.6
1027,1983-10-25,12.9
1028,1983-10-26,11.7
1029,1983-10-27,14.0
1030,1983-10-28,12.3
1031,1983-10-29,9.0
1032,1983-10-30,9.2
1033,1983-10-31,9.8
1034,1983-11-01,11.8
1035,1983-11-02,10.6
1036,1983-11-03,12.6
1037,1983-11-04,11.0
1038,1983-11-05,8.2
1039,1983-11-06,7.5
1040,1983-11-07,13.6
1041,1983-11-08,14.8
1042,1983-11-09,10.9
1043,1983-11-10,7.7
1044,1983-11-11,10.2
1045,1983-11-12,10.8
1046,1983-11-13,10.8
1047,1983-11-14,12.5
1048,1983-11-15,13.2
1049,1983-11-16,8.7
1050,1983-11-17,5.7
1051,1983-11-18,9.8
1052,1983-11-19,7.3
1053,1983-11-20,10.8
1054,1983-11-21,10.0
1055,1983-11-22,16.2
1056,1983-11-23,15.0
1057,1983-11-24,14.5
1058,1983-11-25,15.9
1059,1983-11-26,14.9
1060,1983-11-27,14.2
1061,1983-11-28,15.8
1062,1983-11-29,17.2
1063,1983-11-30,17.6
1064,1983-12-01,12.1
1065,1983-12-02,11.4
1066,1983-12-03,13.0
1067,1983-12-04,13.2
1068,1983-12-05,12.0
1069,1983-12-06,15.3
1070,1983-12-07,12.7
1071,1983-12-08,12.1
1072,1983-12-09,13.8
1073,1983-12-10,10.9
1074,1983-12-11,12.0
1075,1983-12-12,16.5
1076,1983-12-13,15.0
1077,1983-12-14,11.2
1078,1983-12-15,13.9
1079,1983-12-16,15.0
1080,1983-12-17,14.8
1081,1983-12-18,15.0
1082,1983-12-19,13.3
1083,1983-12-20,20.4
1084,1983-12-21,18.0
1085,1983-12-22,12.2
1086,1983-12-23,16.7
1087,1983-12-24,13.8
1088,1983-12-25,17.5
1089,1983-12-26,15.0
1090,1983-12-27,13.9
1091,1983-12-28,11.1
1092,1983-12-29,16.1
1093,1983-12-30,20.4
1094,1983-12-31,18.0
1095,1984-01-01,19.5
1096,1984-01-02,17.1
1097,1984-01-03,17.1
1098,1984-01-04,12.0
1099,1984-01-05,11.0
1100,1984-01-06,16.3
1101,1984-01-07,16.1
1102,1984-01-08,13.0
1103,1984-01-09,13.4
1104,1984-01-10,15.2
1105,1984-01-11,12.5
1106,1984-01-12,14.3
1107,1984-01-13,16.5
1108,1984-01-14,18.6
1109,1984-01-15,18.0
1110,1984-01-16,18.2
1111,1984-01-17,11.4
1112,1984-01-18,11.9
1113,1984-01-19,12.2
1114,1984-01-20,14.8
1115,1984-01-21,13.1
1116,1984-01-22,12.7
1117,1984-01-23,10.5
1118,1984-01-24,13.8
1119,1984-01-25,18.8
1120,1984-01-26,13.9
1121,1984-01-27,11.2
1122,1984-01-28,10.6
1123,1984-01-29,14.7
1124,1984-01-30,13.1
1125,1984-01-31,12.1
1126,1984-02-01,14.7
1127,1984-02-02,11.1
1128,1984-02-03,13.0
1129,1984-02-04,15.6
1130,1984-02-05,14.2
1131,1984-02-06,15.5
1132,1984-02-07,18.0
1133,1984-02-08,15.0
1134,1984-02-09,15.9
1135,1984-02-10,15.5
1136,1984-02-11,15.8
1137,1984-02-12,16.6
1138,1984-02-13,13.6
1139,1984-02-14,13.8
1140,1984-02-15,14.6
1141,1984-02-16,15.6
1142,1984-02-17,16.6
1143,1984-02-18,14.3
1144,1984-02-19,16.3
1145,1984-02-20,18.9
1146,1984-02-21,18.7
1147,1984-02-22,14.5
1148,1984-02-23,16.5
1149,1984-02-24,14.1
1150,1984-02-25,13.5
1151,1984-02-26,11.7
1152,1984-02-27,15.1
1153,1984-02-28,11.2
1154,1984-02-29,13.5
1155,1984-03-01,12.6
1156,1984-03-02,8.8
1157,1984-03-03,10.5
1158,1984-03-04,12.1
1159,1984-03-05,14.5
1160,1984-03-06,19.5
1161,1984-03-07,14.0
1162,1984-03-08,13.8
1163,1984-03-09,10.5
1164,1984-03-10,13.8
1165,1984-03-11,11.4
1166,1984-03-12,15.6
1167,1984-03-13,11.1
1168,1984-03-14,12.1
1169,1984-03-15,14.2
1170,1984-03-16,10.9
1171,1984-03-17,14.2
1172,1984-03-18,13.8
1173,1984-03-19,15.1
1174,1984-03-20,14.0
1175,1984-03-21,12.1
1176,1984-03-22,13.8
1177,1984-03-23,16.6
1178,1984-03-24,17.8
1179,1984-03-25,9.4
1180,1984-03-26,10.2
1181,1984-03-27,7.4
1182,1984-03-28,8.7
1183,1984-03-29,14.0
1184,1984-03-30,15.3
1185,1984-03-31,11.1
1186,1984-04-01,9.7
1187,1984-04-02,10.3
1188,1984-04-03,9.2
1189,1984-04-04,8.2
1190,1984-04-05,9.7
1191,1984-04-06,12.4
1192,1984-04-07,12.5
1193,1984-04-08,9.0
1194,1984-04-09,9.7
1195,1984-04-10,10.1
1196,1984-04-11,11.2
1197,1984-04-12,12.0
1198,1984-04-13,11.1
1199,1984-04-14,10.8
1200,1984-04-15,12.8
1201,1984-04-16,9.8
1202,1984-04-17,13.7
1203,1984-04-18,11.0
1204,1984-04-19,13.2
1205,1984-04-20,13.0
1206,1984-04-21,10.2
1207,1984-04-22,13.2
1208,1984-04-23,9.3
1209,1984-04-24,11.1
1210,1984-04-25,10.3
1211,1984-04-26,8.7
1212,1984-04-27,11.7
1213,1984-04-28,12.5
1214,1984-04-29,6.5
1215,1984-04-30,9.6
1216,1984-05-01,13.8
1217,1984-05-02,14.7
1218,1984-05-03,9.1
1219,1984-05-04,4.8
1220,1984-05-05,3.3
1221,1984-05-06,3.5
1222,1984-05-07,5.7
1223,1984-05-08,5.5
1224,1984-05-09,7.0
1225,1984-05-10,9.5
1226,1984-05-11,9.9
1227,1984-05-12,4.9
1228,1984-05-13,6.3
1229,1984-05-14,4.8
1230,1984-05-15,6.2
1231,1984-05-16,7.1
1232,1984-05-17,7.5
1233,1984-05-18,9.4
1234,1984-05-19,8.7
1235,1984-05-20,9.5
1236,1984-05-21,12.1
1237,1984-05-22,9.5
1238,1984-05-23,9.3
1239,1984-05-24,8.5
1240,1984-05-25,8.0
1241,1984-05-26,9.8
1242,1984-05-27,6.2
1243,1984-05-28,7.3
1244,1984-05-29,10.9
1245,1984-05-30,10.0
1246,1984-05-31,8.7
1247,1984-06-01,9.0
1248,1984-06-02,10.8
1249,1984-06-03,12.4
1250,1984-06-04,7.2
1251,1984-06-05,7.2
1252,1984-06-06,11.1
1253,1984-06-07,9.3
1254,1984-06-08,10.1
1255,1984-06-09,3.9
1256,1984-06-10,5.0
1257,1984-06-11,8.2
1258,1984-06-12,2.8
1259,1984-06-13,4.3
1260,1984-06-14,8.1
1261,1984-06-15,11.1
1262,1984-06-16,4.7
1263,1984-06-17,5.3
1264,1984-06-18,10.0
1265,1984-06-19,5.6
1266,1984-06-20,2.2
1267,1984-06-21,7.1
1268,1984-06-22,8.3
1269,1984-06-23,8.6
1270,1984-06-24,10.1
1271,1984-06-25,8.3
1272,1984-06-26,7.2
1273,1984-06-27,7.7
1274,1984-06-28,7.8
1275,1984-06-29,9.1
1276,1984-06-30,9.4
1277,1984-07-01,7.8
1278,1984-07-02,2.6
1279,1984-07-03,2.4
1280,1984-07-04,3.9
1281,1984-07-05,1.3
1282,1984-07-06,2.1
1283,1984-07-07,7.4
1284,1984-07-08,7.2
1285,1984-07-09,8.8
1286,1984-07-10,8.9
1287,1984-07-11,8.8
1288,1984-07-12,8.0
1289,1984-07-13,0.7
1290,1984-07-14,0.1
1291,1984-07-15,0.9
1292,1984-07-16,7.8
1293,1984-07-17,7.2
1294,1984-07-18,8.0
1295,1984-07-19,4.6
1296,1984-07-20,5.2
1297,1984-07-21,5.8
1298,1984-07-22,6.8
1299,1984-07-23,8.1
1300,1984-07-24,7.5
1301,1984-07-25,5.4
1302,1984-07-26,4.6
1303,1984-07-27,6.4
1304,1984-07-28,9.7
1305,1984-07-29,7.0
1306,1984-07-30,10.0
1307,1984-07-31,10.6
1308,1984-08-01,11.5
1309,1984-08-02,10.2
1310,1984-08-03,11.1
1311,1984-08-04,11.0
1312,1984-08-05,8.9
1313,1984-08-06,9.9
1314,1984-08-07,11.7
1315,1984-08-08,11.6
1316,1984-08-09,9.0
1317,1984-08-10,6.3
1318,1984-08-11,8.7
1319,1984-08-12,8.5
1320,1984-08-13,8.5
1321,1984-08-14,8.0
1322,1984-08-15,6.0
1323,1984-08-16,8.0
1324,1984-08-17,8.5
1325,1984-08-18,7.7
1326,1984-08-19,8.4
1327,1984-08-20,9.0
1328,1984-08-21,8.3
1329,1984-08-22,6.8
1330,1984-08-23,9.3
1331,1984-08-24,6.7
1332,1984-08-25,9.0
1333,1984-08-26,7.3
1334,1984-08-27,6.3
1335,1984-08-28,7.9
1336,1984-08-29,5.2
1337,1984-08-30,9.0
1338,1984-08-31,11.3
1339,1984-09-01,9.2
1340,1984-09-02,11.3
1341,1984-09-03,7.0
1342,1984-09-04,8.0
1343,1984-09-05,4.6
1344,1984-09-06,8.5
1345,1984-09-07,9.5
1346,1984-09-08,9.4
1347,1984-09-09,10.5
1348,1984-09-10,9.7
1349,1984-09-11,4.9
1350,1984-09-12,8.0
1351,1984-09-13,5.8
1352,1984-09-14,5.5
1353,1984-09-15,10.9
1354,1984-09-16,11.7
1355,1984-09-17,9.2
1356,1984-09-18,8.9
1357,1984-09-19,11.3
1358,1984-09-20,8.6
1359,1984-09-21,6.2
1360,1984-09-22,6.6
1361,1984-09-23,9.1
1362,1984-09-24,6.1
1363,1984-09-25,7.5
1364,1984-09-26,10.7
1365,1984-09-27,6.3
1366,1984-09-28,5.5
1367,1984-09-29,6.7
1368,1984-09-30,4.2
1369,1984-10-01,11.3
1370,1984-10-02,16.3
1371,1984-10-03,10.5
1372,1984-10-04,10.3
1373,1984-10-05,7.9
1374,1984-10-06,7.7
1375,1984-10-07,16.0
1376,1984-10-08,14.6
1377,1984-10-09,12.5
1378,1984-10-10,8.1
1379,1984-10-11,12.2
1380,1984-10-12,17.2
1381,1984-10-13,9.4
1382,1984-10-14,8.7
1383,1984-10-15,5.9
1384,1984-10-16,4.8
1385,1984-10-17,7.4
1386,1984-10-18,9.4
1387,1984-10-19,9.7
1388,1984-10-20,9.9
1389,1984-10-21,6.5
1390,1984-10-22,9.8
1391,1984-10-23,18.2
1392,1984-10-24,11.3
1393,1984-10-25,9.1
1394,1984-10-26,9.6
1395,1984-10-27,13.5
1396,1984-10-28,10.7
1397,1984-10-29,10.0
1398,1984-10-30,8.5
1399,1984-10-31,12.6
1400,1984-11-01,16.6
1401,1984-11-02,11.6
1402,1984-11-03,12.2
1403,1984-11-04,11.2
1404,1984-11-05,9.2
1405,1984-11-06,9.9
1406,1984-11-07,11.9
1407,1984-11-08,15.6
1408,1984-11-09,19.0
1409,1984-11-10,12.8
1410,1984-11-11,12.2
1411,1984-11-12,12.0
1412,1984-11-13,11.1
1413,1984-11-14,11.8
1414,1984-11-15,7.6
1415,1984-11-16,13.0
1416,1984-11-17,12.7
1417,1984-11-18,16.0
1418,1984-11-19,14.8
1419,1984-11-20,14.2
1420,1984-11-21,10.0
1421,1984-11-22,8.8
1422,1984-11-23,11.6
1423,1984-11-24,8.6
1424,1984-11-25,14.6
1425,1984-11-26,24.3
1426,1984-11-27,11.6
1427,1984-11-28,10.8
1428,1984-11-29,12.0
1429,1984-11-30,11.0
1430,1984-12-01,12.6
1431,1984-12-02,10.8
1432,1984-12-03,9.1
1433,1984-12-04,11.0
1434,1984-12-05,13.0
1435,1984-12-06,12.8
1436,1984-12-07,9.9
1437,1984-12-08,11.6
1438,1984-12-09,10.5
1439,1984-12-10,15.9
1440,1984-12-11,12.2
1441,1984-12-12,13.0
1442,1984-12-13,12.5
1443,1984-12-14,12.5
1444,1984-12-15,11.4
1445,1984-12-16,12.1
1446,1984-12-17,16.8
1447,1984-12-18,12.1
1448,1984-12-19,11.3
1449,1984-12-20,10.4
1450,1984-12-21,14.2
1451,1984-12-22,11.4
1452,1984-12-23,13.7
1453,1984-12-24,16.5
1454,1984-12-25,12.8
1455,1984-12-26,12.2
1456,1984-12-27,12.0
1457,1984-12-28,12.6
1458,1984-12-29,16.0
1459,1984-12-30,16.4
1460,1985-01-01,13.3
1461,1985-01-02,15.2
1462,1985-01-03,13.1
1463,1985-01-04,12.7
1464,1985-01-05,14.6
1465,1985-01-06,11.0
1466,1985-01-07,13.2
1467,1985-01-08,12.2
1468,1985-01-09,14.4
1469,1985-01-10,13.7
1470,1985-01-11,14.5
1471,1985-01-12,14.1
1472,1985-01-13,14.4
1473,1985-01-14,19.7
1474,1985-01-15,16.5
1475,1985-01-16,15.9
1476,1985-01-17,11.8
1477,1985-01-18,12.0
1478,1985-01-19,11.4
1479,1985-01-20,14.4
1480,1985-01-21,12.4
1481,1985-01-22,15.1
1482,1985-01-23,15.6
1483,1985-01-24,15.2
1484,1985-01-25,12.8
1485,1985-01-26,13.3
1486,1985-01-27,17.5
1487,1985-01-28,15.4
1488,1985-01-29,13.5
1489,1985-01-30,16.7
1490,1985-01-31,15.2
1491,1985-02-01,14.9
1492,1985-02-02,10.2
1493,1985-02-03,13.6
1494,1985-02-04,19.0
1495,1985-02-05,15.7
1496,1985-02-06,18.0
1497,1985-02-07,14.8
1498,1985-02-08,13.9
1499,1985-02-09,13.0
1500,1985-02-10,15.3
1501,1985-02-11,14.3
1502,1985-02-12,15.6
1503,1985-02-13,16.0
1504,1985-02-14,14.9
1505,1985-02-15,11.1
1506,1985-02-16,14.8
1507,1985-02-17,13.0
1508,1985-02-18,12.2
1509,1985-02-19,10.9
1510,1985-02-20,14.6
1511,1985-02-21,16.6
1512,1985-02-22,18.1
1513,1985-02-23,13.4
1514,1985-02-24,10.3
1515,1985-02-25,13.6
1516,1985-02-26,13.8
1517,1985-02-27,10.3
1518,1985-02-28,11.0
1519,1985-03-01,14.3
1520,1985-03-02,15.5
1521,1985-03-03,14.7
1522,1985-03-04,12.7
1523,1985-03-05,10.7
1524,1985-03-06,12.6
1525,1985-03-07,9.8
1526,1985-03-08,13.2
1527,1985-03-09,15.2
1528,1985-03-10,16.6
1529,1985-03-11,21.0
1530,1985-03-12,22.4
1531,1985-03-13,17.0
1532,1985-03-14,21.7
1533,1985-03-15,21.4
1534,1985-03-16,18.6
1535,1985-03-17,16.2
1536,1985-03-18,16.8
1537,1985-03-19,17.0
1538,1985-03-20,18.4
1539,1985-03-21,17.2
1540,1985-03-22,18.4
1541,1985-03-23,18.8
1542,1985-03-24,16.5
1543,1985-03-25,13.3
1544,1985-03-26,12.2
1545,1985-03-27,11.3
1546,1985-03-28,13.8
1547,1985-03-29,16.6
1548,1985-03-30,14.0
1549,1985-03-31,14.3
1550,1985-04-01,16.4
1551,1985-04-02,11.9
1552,1985-04-03,15.7
1553,1985-04-04,17.6
1554,1985-04-05,17.5
1555,1985-04-06,15.9
1556,1985-04-07,16.2
1557,1985-04-08,16.0
1558,1985-04-09,15.9
1559,1985-04-10,16.2
1560,1985-04-11,16.2
1561,1985-04-12,19.5
1562,1985-04-13,18.2
1563,1985-04-14,21.8
1564,1985-04-15,15.1
1565,1985-04-16,11.0
1566,1985-04-17,8.1
1567,1985-04-18,9.5
1568,1985-04-19,9.3
1569,1985-04-20,10.6
1570,1985-04-21,6.3
1571,1985-04-22,8.6
1572,1985-04-23,6.8
1573,1985-04-24,8.7
1574,1985-04-25,8.4
1575,1985-04-26,9.3
1576,1985-04-27,10.0
1577,1985-04-28,10.5
1578,1985-04-29,12.0
1579,1985-04-30,10.1
1580,1985-05-01,9.4
1581,1985-05-02,10.1
1582,1985-05-03,8.0
1583,1985-05-04,10.6
1584,1985-05-05,13.6
1585,1985-05-06,15.4
1586,1985-05-07,9.0
1587,1985-05-08,10.4
1588,1985-05-09,11.0
1589,1985-05-10,12.1
1590,1985-05-11,13.4
1591,1985-05-12,11.3
1592,1985-05-13,6.7
1593,1985-05-14,9.8
1594,1985-05-15,10.8
1595,1985-05-16,7.8
1596,1985-05-17,4.5
1597,1985-05-18,7.6
1598,1985-05-19,6.9
1599,1985-05-20,7.5
1600,1985-05-21,8.5
1601,1985-05-22,5.5
1602,1985-05-23,9.5
1603,1985-05-24,7.3
1604,1985-05-25,5.4
1605,1985-05-26,5.5
1606,1985-05-27,8.1
1607,1985-05-28,11.2
1608,1985-05-29,13.4
1609,1985-05-30,11.6
1610,1985-05-31,10.1
1611,1985-06-01,4.3
1612,1985-06-02,5.5
1613,1985-06-03,4.4
1614,1985-06-04,5.9
1615,1985-06-05,5.7
1616,1985-06-06,8.2
1617,1985-06-07,8.2
1618,1985-06-08,4.2
1619,1985-06-09,6.5
1620,1985-06-10,10.0
1621,1985-06-11,8.8
1622,1985-06-12,6.6
1623,1985-06-13,7.8
1624,1985-06-14,10.1
1625,1985-06-15,7.1
1626,1985-06-16,7.7
1627,1985-06-17,8.5
1628,1985-06-18,7.3
1629,1985-06-19,6.9
1630,1985-06-20,8.4
1631,1985-06-21,7.1
1632,1985-06-22,6.3
1633,1985-06-23,0.6
1634,1985-06-24,1.6
1635,1985-06-25,7.0
1636,1985-06-26,8.3
1637,1985-06-27,8.0
1638,1985-06-28,10.2
1639,1985-06-29,10.6
1640,1985-06-30,10.4
1641,1985-07-01,11.6
1642,1985-07-02,11.0
1643,1985-07-03,10.7
1644,1985-07-04,7.3
1645,1985-07-05,4.2
1646,1985-07-06,4.7
1647,1985-07-07,5.6
1648,1985-07-08,7.7
1649,1985-07-09,7.5
1650,1985-07-10,4.9
1651,1985-07-11,5.9
1652,1985-07-12,7.8
1653,1985-07-13,5.8
1654,1985-07-14,7.0
1655,1985-07-15,8.4
1656,1985-07-16,6.2
1657,1985-07-17,7.5
1658,1985-07-18,4.8
1659,1985-07-19,3.3
1660,1985-07-20,3.2
1661,1985-07-21,7.0
1662,1985-07-22,8.4
1663,1985-07-23,0.3
1664,1985-07-24,0.3
1665,1985-07-25,2.1
1666,1985-07-26,8.5
1667,1985-07-27,1.4
1668,1985-07-28,4.1
1669,1985-07-29,10.3
1670,1985-07-30,6.6
1671,1985-07-31,6.1
1672,1985-08-01,7.0
1673,1985-08-02,5.1
1674,1985-08-03,6.3
1675,1985-08-04,6.9
1676,1985-08-05,11.4
1677,1985-08-06,10.4
1678,1985-08-07,10.3
1679,1985-08-08,9.2
1680,1985-08-09,7.2
1681,1985-08-10,7.5
1682,1985-08-11,4.0
1683,1985-08-12,5.6
1684,1985-08-13,6.7
1685,1985-08-14,8.4
1686,1985-08-15,11.0
1687,1985-08-16,8.4
1688,1985-08-17,8.8
1689,1985-08-18,8.6
1690,1985-08-19,8.3
1691,1985-08-20,4.0
1692,1985-08-21,3.6
1693,1985-08-22,5.7
1694,1985-08-23,10.6
1695,1985-08-24,6.9
1696,1985-08-25,10.0
1697,1985-08-26,9.8
1698,1985-08-27,7.2
1699,1985-08-28,10.5
1700,1985-08-29,3.6
1701,1985-08-30,5.3
1702,1985-08-31,8.4
1703,1985-09-01,10.3
1704,1985-09-02,7.9
1705,1985-09-03,8.5
1706,1985-09-04,7.9
1707,1985-09-05,8.0
1708,1985-09-06,9.8
1709,1985-09-07,6.7
1710,1985-09-08,4.8
1711,1985-09-09,9.9
1712,1985-09-10,12.8
1713,1985-09-11,10.9
1714,1985-09-12,11.7
1715,1985-09-13,11.7
1716,1985-09-14,11.0
1717,1985-09-15,8.2
1718,1985-09-16,7.5
1719,1985-09-17,5.4
1720,1985-09-18,7.2
1721,1985-09-19,9.7
1722,1985-09-20,8.4
1723,1985-09-21,9.0
1724,1985-09-22,8.7
1725,1985-09-23,6.6
1726,1985-09-24,11.6
1727,1985-09-25,13.1
1728,1985-09-26,6.7
1729,1985-09-27,6.5
1730,1985-09-28,7.7
1731,1985-09-29,8.7
1732,1985-09-30,7.2
1733,1985-10-01,10.5
1734,1985-10-02,8.6
1735,1985-10-03,7.2
1736,1985-10-04,11.4
1737,1985-10-05,16.2
1738,1985-10-06,6.1
1739,1985-10-07,9.6
1740,1985-10-08,11.1
1741,1985-10-09,13.6
1742,1985-10-10,10.7
1743,1985-10-11,14.7
1744,1985-10-12,11.6
1745,1985-10-13,7.3
1746,1985-10-14,8.0
1747,1985-10-15,9.6
1748,1985-10-16,16.0
1749,1985-10-17,15.1
1750,1985-10-18,12.8
1751,1985-10-19,6.2
1752,1985-10-20,7.1
1753,1985-10-21,8.4
1754,1985-10-22,10.0
1755,1985-10-23,12.7
1756,1985-10-24,10.0
1757,1985-10-25,10.2
1758,1985-10-26,6.5
1759,1985-10-27,9.2
1760,1985-10-28,11.9
1761,1985-10-29,14.7
1762,1985-10-30,11.4
1763,1985-10-31,6.8
1764,1985-11-01,7.4
1765,1985-11-02,11.2
1766,1985-11-03,9.2
1767,1985-11-04,12.6
1768,1985-11-05,16.0
1769,1985-11-06,17.1
1770,1985-11-07,15.3
1771,1985-11-08,13.3
1772,1985-11-09,15.4
1773,1985-11-10,13.2
1774,1985-11-11,14.4
1775,1985-11-12,14.0
1776,1985-11-13,15.5
1777,1985-11-14,21.0
1778,1985-11-15,10.0
1779,1985-11-16,9.6
1780,1985-11-17,12.0
1781,1985-11-18,12.2
1782,1985-11-19,11.3
1783,1985-11-20,13.2
1784,1985-11-21,10.5
1785,1985-11-22,10.1
1786,1985-11-23,8.8
1787,1985-11-24,13.7
1788,1985-11-25,16.2
1789,1985-11-26,16.0
1790,1985-11-27,14.0
1791,1985-11-28,13.7
1792,1985-11-29,12.5
1793,1985-11-30,12.8
1794,1985-12-01,12.3
1795,1985-12-02,15.2
1796,1985-12-03,15.0
1797,1985-12-04,16.4
1798,1985-12-05,16.1
1799,1985-12-06,14.6
1800,1985-12-07,18.2
1801,1985-12-08,16.4
1802,1985-12-09,16.6
1803,1985-12-10,14.7
1804,1985-12-11,15.8
1805,1985-12-12,14.1
1806,1985-12-13,13.5
1807,1985-12-14,13.6
1808,1985-12-15,13.7
1809,1985-12-16,13.6
1810,1985-12-17,12.1
1811,1985-12-18,12.7
1812,1985-12-19,13.3
1813,1985-12-20,14.2
1814,1985-12-21,15.0
1815,1985-12-22,13.7
1816,1985-12-23,12.0
1817,1985-12-24,13.1
1818,1985-12-25,13.2
1819,1985-12-26,13.3
1820,1985-12-27,11.5
1821,1985-12-28,10.8
1822,1985-12-29,12.0
1823,1985-12-30,16.3
1824,1985-12-31,14.4
1825,1986-01-01,12.9
1826,1986-01-02,13.8
1827,1986-01-03,10.6
1828,1986-01-04,12.6
1829,1986-01-05,13.7
1830,1986-01-06,12.6
1831,1986-01-07,13.1
1832,1986-01-08,15.4
1833,1986-01-09,11.9
1834,1986-01-10,13.8
1835,1986-01-11,14.4
1836,1986-01-12,15.2
1837,1986-01-13,12.5
1838,1986-01-14,12.2
1839,1986-01-15,16.1
1840,1986-01-16,14.6
1841,1986-01-17,11.6
1842,1986-01-18,13.1
1843,1986-01-19,12.8
1844,1986-01-20,15.2
1845,1986-01-21,13.8
1846,1986-01-22,15.0
1847,1986-01-23,13.5
1848,1986-01-24,11.8
1849,1986-01-25,15.3
1850,1986-01-26,13.5
1851,1986-01-27,15.3
1852,1986-01-28,13.8
1853,1986-01-29,15.8
1854,1986-01-30,17.4
1855,1986-01-31,15.3
1856,1986-02-01,14.6
1857,1986-02-02,14.8
1858,1986-02-03,10.7
1859,1986-02-04,11.6
1860,1986-02-05,13.6
1861,1986-02-06,14.4
1862,1986-02-07,11.8
1863,1986-02-08,15.8
1864,1986-02-09,16.0
1865,1986-02-10,11.8
1866,1986-02-11,14.5
1867,1986-02-12,10.7
1868,1986-02-13,14.2
1869,1986-02-14,19.5
1870,1986-02-15,21.4
1871,1986-02-16,17.9
1872,1986-02-17,17.4
1873,1986-02-18,12.7
1874,1986-02-19,13.8
1875,1986-02-20,14.0
1876,1986-02-21,15.0
1877,1986-02-22,14.5
1878,1986-02-23,13.1
1879,1986-02-24,11.4
1880,1986-02-25,12.5
1881,1986-02-26,12.0
1882,1986-02-27,13.4
1883,1986-02-28,14.4
1884,1986-03-01,17.7
1885,1986-03-02,13.9
1886,1986-03-03,13.3
1887,1986-03-04,14.6
1888,1986-03-05,16.4
1889,1986-03-06,16.8
1890,1986-03-07,20.0
1891,1986-03-08,12.5
1892,1986-03-09,12.7
1893,1986-03-10,11.7
1894,1986-03-11,12.7
1895,1986-03-12,8.6
1896,1986-03-13,11.9
1897,1986-03-14,16.0
1898,1986-03-15,15.2
1899,1986-03-16,13.4
1900,1986-03-17,11.6
1901,1986-03-18,11.1
1902,1986-03-19,15.6
1903,1986-03-20,17.0
1904,1986-03-21,18.5
1905,1986-03-22,17.4
1906,1986-03-23,16.5
1907,1986-03-24,16.2
1908,1986-03-25,16.1
1909,1986-03-26,13.2
1910,1986-03-27,18.0
1911,1986-03-28,12.8
1912,1986-03-29,11.7
1913,1986-03-30,16.7
1914,1986-03-31,15.6
1915,1986-04-01,10.2
1916,1986-04-02,10.3
1917,1986-04-03,15.0
1918,1986-04-04,18.0
1919,1986-04-05,13.8
1920,1986-04-06,10.5
1921,1986-04-07,11.8
1922,1986-04-08,7.2
1923,1986-04-09,11.6
1924,1986-04-10,7.4
1925,1986-04-11,14.2
1926,1986-04-12,12.2
1927,1986-04-13,9.0
1928,1986-04-14,12.3
1929,1986-04-15,19.7
1930,1986-04-16,12.8
1931,1986-04-17,12.4
1932,1986-04-18,12.0
1933,1986-04-19,12.0
1934,1986-04-20,11.1
1935,1986-04-21,12.7
1936,1986-04-22,14.2
1937,1986-04-23,11.6
1938,1986-04-24,12.0
1939,1986-04-25,11.5
1940,1986-04-26,8.3
1941,1986-04-27,10.5
1942,1986-04-28,9.0
1943,1986-04-29,6.9
1944,1986-04-30,9.4
1945,1986-05-01,11.1
1946,1986-05-02,9.1
1947,1986-05-03,7.7
1948,1986-05-04,10.0
1949,1986-05-05,10.4
1950,1986-05-06,8.0
1951,1986-05-07,9.8
1952,1986-05-08,12.4
1953,1986-05-09,12.9
1954,1986-05-10,12.3
1955,1986-05-11,6.9
1956,1986-05-12,10.5
1957,1986-05-13,11.0
1958,1986-05-14,9.7
1959,1986-05-15,11.1
1960,1986-05-16,11.5
1961,1986-05-17,13.4
1962,1986-05-18,10.9
1963,1986-05-19,12.0
1964,1986-05-20,12.1
1965,1986-05-21,10.4
1966,1986-05-22,10.0
1967,1986-05-23,9.6
1968,1986-05-24,11.3
1969,1986-05-25,8.5
1970,1986-05-26,6.3
1971,1986-05-27,8.2
1972,1986-05-28,10.7
1973,1986-05-29,10.3
1974,1986-05-30,9.5
1975,1986-05-31,10.9
1976,1986-06-01,10.9
1977,1986-06-02,4.3
1978,1986-06-03,5.2
1979,1986-06-04,11.0
1980,1986-06-05,11.6
1981,1986-06-06,10.6
1982,1986-06-07,9.4
1983,1986-06-08,10.0
1984,1986-06-09,9.6
1985,1986-06-10,9.5
1986,1986-06-11,9.7
1987,1986-06-12,9.6
1988,1986-06-13,7.0
1989,1986-06-14,7.0
1990,1986-06-15,6.8
1991,1986-06-16,6.9
1992,1986-06-17,8.0
1993,1986-06-18,7.6
1994,1986-06-19,8.6
1995,1986-06-20,5.7
1996,1986-06-21,5.5
1997,1986-06-22,5.7
1998,1986-06-23,5.7
1999,1986-06-24,6.6
2000,1986-06-25,6.0
2001,1986-06-26,6.9
2002,1986-06-27,7.7
2003,1986-06-28,8.0
2004,1986-06-29,3.9
2005,1986-06-30,0.8
2006,1986-07-01,2.8
2007,1986-07-02,8.0
2008,1986-07-03,9.8
2009,1986-07-04,11.4
2010,1986-07-05,8.6
2011,1986-07-06,5.2
2012,1986-07-07,6.6
2013,1986-07-08,5.7
2014,1986-07-09,4.6
2015,1986-07-10,5.8
2016,1986-07-11,7.0
2017,1986-07-12,4.8
2018,1986-07-13,4.4
2019,1986-07-14,4.4
2020,1986-07-15,7.9
2021,1986-07-16,10.6
2022,1986-07-17,5.0
2023,1986-07-18,7.6
2024,1986-07-19,9.2
2025,1986-07-20,9.7
2026,1986-07-21,8.8
2027,1986-07-22,6.8
2028,1986-07-23,9.4
2029,1986-07-24,11.0
2030,1986-07-25,2.5
2031,1986-07-26,2.1
2032,1986-07-27,5.4
2033,1986-07-28,6.2
2034,1986-07-29,7.8
2035,1986-07-30,7.4
2036,1986-07-31,9.3
2037,1986-08-01,9.3
2038,1986-08-02,9.5
2039,1986-08-03,8.5
2040,1986-08-04,10.0
2041,1986-08-05,7.7
2042,1986-08-06,9.3
2043,1986-08-07,9.1
2044,1986-08-08,3.5
2045,1986-08-09,3.6
2046,1986-08-10,2.5
2047,1986-08-11,1.7
2048,1986-08-12,2.7
2049,1986-08-13,2.9
2050,1986-08-14,5.3
2051,1986-08-15,7.7
2052,1986-08-16,9.1
2053,1986-08-17,9.4
2054,1986-08-18,7.3
2055,1986-08-19,8.4
2056,1986-08-20,9.2
2057,1986-08-21,6.6
2058,1986-08-22,9.7
2059,1986-08-23,12.4
2060,1986-08-24,10.2
2061,1986-08-25,5.9
2062,1986-08-26,7.1
2063,1986-08-27,7.5
2064,1986-08-28,9.7
2065,1986-08-29,12.2
2066,1986-08-30,5.6
2067,1986-08-31,5.4
2068,1986-09-01,8.3
2069,1986-09-02,10.6
2070,1986-09-03,9.1
2071,1986-09-04,11.3
2072,1986-09-05,10.9
2073,1986-09-06,8.9
2074,1986-09-07,6.3
2075,1986-09-08,9.0
2076,1986-09-09,6.1
2077,1986-09-10,9.1
2078,1986-09-11,9.6
2079,1986-09-12,6.0
2080,1986-09-13,10.0
2081,1986-09-14,11.0
2082,1986-09-15,6.2
2083,1986-09-16,8.3
2084,1986-09-17,11.3
2085,1986-09-18,11.3
2086,1986-09-19,6.7
2087,1986-09-20,6.6
2088,1986-09-21,11.4
2089,1986-09-22,6.9
2090,1986-09-23,10.6
2091,1986-09-24,8.6
2092,1986-09-25,11.3
2093,1986-09-26,12.5
2094,1986-09-27,9.9
2095,1986-09-28,6.9
2096,1986-09-29,5.5
2097,1986-09-30,7.8
2098,1986-10-01,11.0
2099,1986-10-02,16.2
2100,1986-10-03,9.9
2101,1986-10-04,8.7
2102,1986-10-05,10.5
2103,1986-10-06,12.2
2104,1986-10-07,10.6
2105,1986-10-08,8.3
2106,1986-10-09,5.5
2107,1986-10-10,9.0
2108,1986-10-11,6.4
2109,1986-10-12,7.2
2110,1986-10-13,12.9
2111,1986-10-14,12.0
2112,1986-10-15,7.3
2113,1986-10-16,9.7
2114,1986-10-17,8.4
2115,1986-10-18,14.7
2116,1986-10-19,9.5
2117,1986-10-20,7.9
2118,1986-10-21,6.8
2119,1986-10-22,12.6
2120,1986-10-23,5.2
2121,1986-10-24,7.5
2122,1986-10-25,8.7
2123,1986-10-26,7.6
2124,1986-10-27,9.0
2125,1986-10-28,7.2
2126,1986-10-29,10.7
2127,1986-10-30,13.1
2128,1986-10-31,13.9
2129,1986-11-01,10.8
2130,1986-11-02,10.4
2131,1986-11-03,9.1
2132,1986-11-04,16.0
2133,1986-11-05,21.0
2134,1986-11-06,16.2
2135,1986-11-07,8.6
2136,1986-11-08,9.2
2137,1986-11-09,12.5
2138,1986-11-10,9.7
2139,1986-11-11,12.5
2140,1986-11-12,10.3
2141,1986-11-13,12.0
2142,1986-11-14,11.0
2143,1986-11-15,14.8
2144,1986-11-16,15.0
2145,1986-11-17,15.3
2146,1986-11-18,10.3
2147,1986-11-19,10.7
2148,1986-11-20,10.5
2149,1986-11-21,8.9
2150,1986-11-22,8.1
2151,1986-11-23,11.5
2152,1986-11-24,12.8
2153,1986-11-25,9.1
2154,1986-11-26,14.6
2155,1986-11-27,11.6
2156,1986-11-28,11.2
2157,1986-11-29,12.6
2158,1986-11-30,7.5
2159,1986-12-01,11.0
2160,1986-12-02,14.5
2161,1986-12-03,18.5
2162,1986-12-04,15.4
2163,1986-12-05,13.1
2164,1986-12-06,16.3
2165,1986-12-07,20.2
2166,1986-12-08,11.5
2167,1986-12-09,12.4
2168,1986-12-10,10.9
2169,1986-12-11,12.7
2170,1986-12-12,12.2
2171,1986-12-13,12.4
2172,1986-12-14,9.8
2173,1986-12-15,8.5
2174,1986-12-16,14.7
2175,1986-12-17,12.0
2176,1986-12-18,10.3
2177,1986-12-19,11.0
2178,1986-12-20,10.2
2179,1986-12-21,12.6
2180,1986-12-22,11.6
2181,1986-12-23,9.7
2182,1986-12-24,13.4
2183,1986-12-25,10.5
2184,1986-12-26,14.7
2185,1986-12-27,14.6
2186,1986-12-28,14.2
2187,1986-12-29,13.2
2188,1986-12-30,11.7
2189,1986-12-31,17.2
2190,1987-01-01,12.3
2191,1987-01-02,13.8
2192,1987-01-03,15.3
2193,1987-01-04,15.6
2194,1987-01-05,16.2
2195,1987-01-06,16.3
2196,1987-01-07,16.8
2197,1987-01-08,11.0
2198,1987-01-09,8.5
2199,1987-01-10,13.2
2200,1987-01-11,13.0
2201,1987-01-12,12.4
2202,1987-01-13,13.0
2203,1987-01-14,16.6
2204,1987-01-15,12.0
2205,1987-01-16,12.4
2206,1987-01-17,15.0
2207,1987-01-18,11.8
2208,1987-01-19,11.6
2209,1987-01-20,12.2
2210,1987-01-21,13.7
2211,1987-01-22,11.2
2212,1987-01-23,12.4
2213,1987-01-24,11.5
2214,1987-01-25,13.8
2215,1987-01-26,15.7
2216,1987-01-27,12.9
2217,1987-01-28,11.5
2218,1987-01-29,11.0
2219,1987-01-30,12.7
2220,1987-01-31,14.9
2221,1987-02-01,16.5
2222,1987-02-02,12.8
2223,1987-02-03,12.7
2224,1987-02-04,12.7
2225,1987-02-05,11.6
2226,1987-02-06,13.3
2227,1987-02-07,15.2
2228,1987-02-08,16.4
2229,1987-02-09,11.9
2230,1987-02-10,15.1
2231,1987-02-11,10.6
2232,1987-02-12,13.6
2233,1987-02-13,12.1
2234,1987-02-14,16.0
2235,1987-02-15,16.8
2236,1987-02-16,16.6
2237,1987-02-17,15.6
2238,1987-02-18,15.2
2239,1987-02-19,17.7
2240,1987-02-20,21.0
2241,1987-02-21,13.4
2242,1987-02-22,10.5
2243,1987-02-23,9.5
2244,1987-02-24,12.0
2245,1987-02-25,10.4
2246,1987-02-26,11.5
2247,1987-02-27,13.2
2248,1987-02-28,15.0
2249,1987-03-01,14.1
2250,1987-03-02,12.4
2251,1987-03-03,13.4
2252,1987-03-04,12.5
2253,1987-03-05,14.3
2254,1987-03-06,17.6
2255,1987-03-07,10.4
2256,1987-03-08,9.9
2257,1987-03-09,10.2
2258,1987-03-10,11.3
2259,1987-03-11,9.5
2260,1987-03-12,11.8
2261,1987-03-13,11.5
2262,1987-03-14,10.5
2263,1987-03-15,10.8
2264,1987-03-16,13.0
2265,1987-03-17,18.5
2266,1987-03-18,18.7
2267,1987-03-19,15.0
2268,1987-03-20,13.0
2269,1987-03-21,11.3
2270,1987-03-22,13.0
2271,1987-03-23,13.3
2272,1987-03-24,11.0
2273,1987-03-25,10.3
2274,1987-03-26,13.0
2275,1987-03-27,12.3
2276,1987-03-28,15.6
2277,1987-03-29,10.2
2278,1987-03-30,10.8
2279,1987-03-31,12.0
2280,1987-04-01,13.3
2281,1987-04-02,11.7
2282,1987-04-03,12.5
2283,1987-04-04,13.7
2284,1987-04-05,14.9
2285,1987-04-06,20.2
2286,1987-04-07,16.3
2287,1987-04-08,13.9
2288,1987-04-09,10.1
2289,1987-04-10,7.3
2290,1987-04-11,14.0
2291,1987-04-12,17.7
2292,1987-04-13,16.3
2293,1987-04-14,10.6
2294,1987-04-15,9.7
2295,1987-04-16,7.8
2296,1987-04-17,10.4
2297,1987-04-18,10.4
2298,1987-04-19,14.1
2299,1987-04-20,7.1
2300,1987-04-21,8.1
2301,1987-04-22,7.8
2302,1987-04-23,10.6
2303,1987-04-24,9.1
2304,1987-04-25,9.0
2305,1987-04-26,11.9
2306,1987-04-27,17.1
2307,1987-04-28,16.8
2308,1987-04-29,13.5
2309,1987-04-30,11.6
2310,1987-05-01,7.0
2311,1987-05-02,9.7
2312,1987-05-03,9.9
2313,1987-05-04,11.2
2314,1987-05-05,11.3
2315,1987-05-06,11.8
2316,1987-05-07,9.9
2317,1987-05-08,7.1
2318,1987-05-09,9.6
2319,1987-05-10,9.8
2320,1987-05-11,10.6
2321,1987-05-12,12.8
2322,1987-05-13,16.5
2323,1987-05-14,11.7
2324,1987-05-15,12.3
2325,1987-05-16,12.2
2326,1987-05-17,11.8
2327,1987-05-18,10.7
2328,1987-05-19,10.2
2329,1987-05-20,10.0
2330,1987-05-21,8.3
2331,1987-05-22,6.6
2332,1987-05-23,9.5
2333,1987-05-24,12.3
2334,1987-05-25,7.6
2335,1987-05-26,9.3
2336,1987-05-27,5.0
2337,1987-05-28,4.3
2338,1987-05-29,6.4
2339,1987-05-30,10.8
2340,1987-05-31,7.8
2341,1987-06-01,8.5
2342,1987-06-02,9.7
2343,1987-06-03,10.0
2344,1987-06-04,11.0
2345,1987-06-05,10.2
2346,1987-06-06,6.6
2347,1987-06-07,6.1
2348,1987-06-08,5.9
2349,1987-06-09,8.9
2350,1987-06-10,13.0
2351,1987-06-11,12.6
2352,1987-06-12,5.4
2353,1987-06-13,6.0
2354,1987-06-14,7.8
2355,1987-06-15,9.0
2356,1987-06-16,4.2
2357,1987-06-17,3.0
2358,1987-06-18,4.5
2359,1987-06-19,6.2
2360,1987-06-20,11.9
2361,1987-06-21,11.8
2362,1987-06-22,9.4
2363,1987-06-23,9.6
2364,1987-06-24,9.4
2365,1987-06-25,7.0
2366,1987-06-26,8.9
2367,1987-06-27,9.3
2368,1987-06-28,6.8
2369,1987-06-29,7.5
2370,1987-06-30,8.0
2371,1987-07-01,8.3
2372,1987-07-02,2.7
2373,1987-07-03,3.9
2374,1987-07-04,4.1
2375,1987-07-05,5.0
2376,1987-07-06,5.8
2377,1987-07-07,4.4
2378,1987-07-08,4.1
2379,1987-07-09,5.8
2380,1987-07-10,9.1
2381,1987-07-11,7.9
2382,1987-07-12,5.0
2383,1987-07-13,2.8
2384,1987-07-14,4.7
2385,1987-07-15,8.9
2386,1987-07-16,5.4
2387,1987-07-17,7.1
2388,1987-07-18,9.0
2389,1987-07-19,9.4
2390,1987-07-20,6.3
2391,1987-07-21,7.0
2392,1987-07-22,6.4
2393,1987-07-23,6.7
2394,1987-07-24,1.5
2395,1987-07-25,2.9
2396,1987-07-26,4.8
2397,1987-07-27,6.3
2398,1987-07-28,5.7
2399,1987-07-29,7.0
2400,1987-07-30,8.8
2401,1987-07-31,8.7
2402,1987-08-01,9.0
2403,1987-08-02,9.6
2404,1987-08-03,8.0
2405,1987-08-04,8.4
2406,1987-08-05,8.1
2407,1987-08-06,9.0
2408,1987-08-07,5.3
2409,1987-08-08,8.9
2410,1987-08-09,8.7
2411,1987-08-10,4.9
2412,1987-08-11,7.0
2413,1987-08-12,7.5
2414,1987-08-13,7.0
2415,1987-08-14,9.1
2416,1987-08-15,11.8
2417,1987-08-16,9.9
2418,1987-08-17,5.6
2419,1987-08-18,4.2
2420,1987-08-19,4.3
2421,1987-08-20,8.0
2422,1987-08-21,5.1
2423,1987-08-22,9.4
2424,1987-08-23,9.1
2425,1987-08-24,9.7
2426,1987-08-25,10.6
2427,1987-08-26,8.6
2428,1987-08-27,10.1
2429,1987-08-28,11.0
2430,1987-08-29,9.7
2431,1987-08-30,5.0
2432,1987-08-31,6.1
2433,1987-09-01,5.4
2434,1987-09-02,5.8
2435,1987-09-03,7.3
2436,1987-09-04,6.3
2437,1987-09-05,4.8
2438,1987-09-06,7.6
2439,1987-09-07,8.1
2440,1987-09-08,9.5
2441,1987-09-09,10.3
2442,1987-09-10,7.0
2443,1987-09-11,9.0
2444,1987-09-12,10.2
2445,1987-09-13,6.8
2446,1987-09-14,9.3
2447,1987-09-15,9.8
2448,1987-09-16,10.7
2449,1987-09-17,7.8
2450,1987-09-18,9.2
2451,1987-09-19,15.0
2452,1987-09-20,7.8
2453,1987-09-21,5.3
2454,1987-09-22,9.5
2455,1987-09-23,7.6
2456,1987-09-24,14.0
2457,1987-09-25,14.9
2458,1987-09-26,14.9
2459,1987-09-27,19.2
2460,1987-09-28,17.0
2461,1987-09-29,13.0
2462,1987-09-30,11.2
2463,1987-10-01,9.5
2464,1987-10-02,10.3
2465,1987-10-03,9.3
2466,1987-10-04,11.3
2467,1987-10-05,6.5
2468,1987-10-06,12.0
2469,1987-10-07,8.3
2470,1987-10-08,8.7
2471,1987-10-09,8.7
2472,1987-10-10,10.2
2473,1987-10-11,6.9
2474,1987-10-12,4.9
2475,1987-10-13,10.0
2476,1987-10-14,7.6
2477,1987-10-15,14.5
2478,1987-10-16,13.2
2479,1987-10-17,9.9
2480,1987-10-18,10.1
2481,1987-10-19,11.3
2482,1987-10-20,10.4
2483,1987-10-21,10.9
2484,1987-10-22,9.2
2485,1987-10-23,10.5
2486,1987-10-24,11.4
2487,1987-10-25,13.5
2488,1987-10-26,9.8
2489,1987-10-27,13.1
2490,1987-10-28,9.7
2491,1987-10-29,11.4
2492,1987-10-30,9.9
2493,1987-10-31,14.4
2494,1987-11-01,19.0
2495,1987-11-02,23.0
2496,1987-11-03,15.4
2497,1987-11-04,9.6
2498,1987-11-05,10.8
2499,1987-11-06,12.1
2500,1987-11-07,11.0
2501,1987-11-08,12.6
2502,1987-11-09,14.7
2503,1987-11-10,11.1
2504,1987-11-11,10.1
2505,1987-11-12,11.4
2506,1987-11-13,13.0
2507,1987-11-14,11.9
2508,1987-11-15,9.5
2509,1987-11-16,13.5
2510,1987-11-17,15.2
2511,1987-11-18,18.4
2512,1987-11-19,24.1
2513,1987-11-20,14.1
2514,1987-11-21,10.7
2515,1987-11-22,8.7
2516,1987-11-23,13.3
2517,1987-11-24,11.6
2518,1987-11-25,9.9
2519,1987-11-26,10.8
2520,1987-11-27,11.5
2521,1987-11-28,10.0
2522,1987-11-29,13.9
2523,1987-11-30,13.6
2524,1987-12-01,11.9
2525,1987-12-02,11.1
2526,1987-12-03,8.2
2527,1987-12-04,9.4
2528,1987-12-05,12.7
2529,1987-12-06,11.6
2530,1987-12-07,11.0
2531,1987-12-08,11.3
2532,1987-12-09,13.4
2533,1987-12-10,14.9
2534,1987-12-11,15.2
2535,1987-12-12,13.9
2536,1987-12-13,15.0
2537,1987-12-14,16.2
2538,1987-12-15,17.7
2539,1987-12-16,20.5
2540,1987-12-17,14.7
2541,1987-12-18,12.5
2542,1987-12-19,10.9
2543,1987-12-20,12.8
2544,1987-12-21,12.7
2545,1987-12-22,11.2
2546,1987-12-23,11.4
2547,1987-12-24,11.2
2548,1987-12-25,12.1
2549,1987-12-26,12.7
2550,1987-12-27,16.2
2551,1987-12-28,14.2
2552,1987-12-29,14.3
2553,1987-12-30,13.3
2554,1987-12-31,16.7
2555,1988-01-01,15.3
2556,1988-01-02,14.3
2557,1988-01-03,13.5
2558,1988-01-04,15.0
2559,1988-01-05,13.6
2560,1988-01-06,15.2
2561,1988-01-07,17.0
2562,1988-01-08,18.7
2563,1988-01-09,16.5
2564,1988-01-10,17.4
2565,1988-01-11,18.3
2566,1988-01-12,18.3
2567,1988-01-13,22.4
2568,1988-01-14,21.4
2569,1988-01-15,20.9
2570,1988-01-16,17.6
2571,1988-01-17,15.5
2572,1988-01-18,16.6
2573,1988-01-19,16.2
2574,1988-01-20,15.6
2575,1988-01-21,14.5
2576,1988-01-22,14.0
2577,1988-01-23,15.6
2578,1988-01-24,12.3
2579,1988-01-25,11.6
2580,1988-01-26,12.6
2581,1988-01-27,14.9
2582,1988-01-28,17.3
2583,1988-01-29,21.4
2584,1988-01-30,23.4
2585,1988-01-31,14.4
2586,1988-02-01,14.1
2587,1988-02-02,15.0
2588,1988-02-03,14.5
2589,1988-02-04,15.1
2590,1988-02-05,13.9
2591,1988-02-06,13.4
2592,1988-02-07,9.2
2593,1988-02-08,12.5
2594,1988-02-09,15.1
2595,1988-02-10,12.1
2596,1988-02-11,14.5
2597,1988-02-12,16.3
2598,1988-02-13,16.5
2599,1988-02-14,14.9
2600,1988-02-15,13.2
2601,1988-02-16,11.8
2602,1988-02-17,13.6
2603,1988-02-18,16.2
2604,1988-02-19,14.1
2605,1988-02-20,13.5
2606,1988-02-21,15.0
2607,1988-02-22,14.8
2608,1988-02-23,16.2
2609,1988-02-24,16.2
2610,1988-02-25,13.3
2611,1988-02-26,15.3
2612,1988-02-27,18.4
2613,1988-02-28,16.2
2614,1988-02-29,16.3
2615,1988-03-01,12.4
2616,1988-03-02,15.6
2617,1988-03-03,14.9
2618,1988-03-04,14.8
2619,1988-03-05,12.7
2620,1988-03-06,14.2
2621,1988-03-07,16.8
2622,1988-03-08,16.7
2623,1988-03-09,16.2
2624,1988-03-10,14.5
2625,1988-03-11,10.0
2626,1988-03-12,12.6
2627,1988-03-13,11.9
2628,1988-03-14,11.8
2629,1988-03-15,13.4
2630,1988-03-16,14.5
2631,1988-03-17,15.7
2632,1988-03-18,15.3
2633,1988-03-19,13.9
2634,1988-03-20,13.7
2635,1988-03-21,15.1
2636,1988-03-22,15.6
2637,1988-03-23,14.4
2638,1988-03-24,13.9
2639,1988-03-25,16.2
2640,1988-03-26,16.7
2641,1988-03-27,15.5
2642,1988-03-28,16.4
2643,1988-03-29,17.5
2644,1988-03-30,18.2
2645,1988-03-31,16.1
2646,1988-04-01,16.5
2647,1988-04-02,14.6
2648,1988-04-03,16.4
2649,1988-04-04,13.6
2650,1988-04-05,15.9
2651,1988-04-06,11.9
2652,1988-04-07,14.7
2653,1988-04-08,9.4
2654,1988-04-09,6.6
2655,1988-04-10,7.9
2656,1988-04-11,11.0
2657,1988-04-12,15.7
2658,1988-04-13,15.2
2659,1988-04-14,15.9
2660,1988-04-15,10.6
2661,1988-04-16,8.3
2662,1988-04-17,8.6
2663,1988-04-18,12.7
2664,1988-04-19,10.5
2665,1988-04-20,12.0
2666,1988-04-21,11.1
2667,1988-04-22,13.0
2668,1988-04-23,12.4
2669,1988-04-24,13.3
2670,1988-04-25,15.9
2671,1988-04-26,12.0
2672,1988-04-27,13.7
2673,1988-04-28,17.6
2674,1988-04-29,14.3
2675,1988-04-30,13.7
2676,1988-05-01,15.2
2677,1988-05-02,14.5
2678,1988-05-03,14.9
2679,1988-05-04,15.5
2680,1988-05-05,16.4
2681,1988-05-06,14.5
2682,1988-05-07,12.6
2683,1988-05-08,13.6
2684,1988-05-09,11.2
2685,1988-05-10,11.0
2686,1988-05-11,12.0
2687,1988-05-12,6.8
2688,1988-05-13,10.6
2689,1988-05-14,13.1
2690,1988-05-15,13.5
2691,1988-05-16,11.7
2692,1988-05-17,13.2
2693,1988-05-18,12.0
2694,1988-05-19,10.4
2695,1988-05-20,10.0
2696,1988-05-21,8.2
2697,1988-05-22,9.4
2698,1988-05-23,10.3
2699,1988-05-24,8.1
2700,1988-05-25,8.7
2701,1988-05-26,12.6
2702,1988-05-27,10.9
2703,1988-05-28,8.7
2704,1988-05-29,9.3
2705,1988-05-30,6.3
2706,1988-05-31,7.8
2707,1988-06-01,10.0
2708,1988-06-02,11.0
2709,1988-06-03,11.1
2710,1988-06-04,12.6
2711,1988-06-05,10.2
2712,1988-06-06,11.1
2713,1988-06-07,8.7
2714,1988-06-08,9.5
2715,1988-06-09,9.7
2716,1988-06-10,8.2
2717,1988-06-11,5.0
2718,1988-06-12,6.5
2719,1988-06-13,12.1
2720,1988-06-14,8.9
2721,1988-06-15,6.1
2722,1988-06-16,2.8
2723,1988-06-17,3.7
2724,1988-06-18,6.8
2725,1988-06-19,6.6
2726,1988-06-20,7.0
2727,1988-06-21,7.3
2728,1988-06-22,7.9
2729,1988-06-23,10.6
2730,1988-06-24,8.1
2731,1988-06-25,6.7
2732,1988-06-26,8.0
2733,1988-06-27,10.0
2734,1988-06-28,6.7
2735,1988-06-29,9.4
2736,1988-06-30,9.3
2737,1988-07-01,6.0
2738,1988-07-02,5.8
2739,1988-07-03,4.9
2740,1988-07-04,5.0
2741,1988-07-05,8.4
2742,1988-07-06,12.3
2743,1988-07-07,13.0
2744,1988-07-08,11.4
2745,1988-07-09,6.8
2746,1988-07-10,7.6
2747,1988-07-11,12.4
2748,1988-07-12,7.1
2749,1988-07-13,7.5
2750,1988-07-14,10.0
2751,1988-07-15,5.3
2752,1988-07-16,6.3
2753,1988-07-17,8.0
2754,1988-07-18,8.3
2755,1988-07-19,9.3
2756,1988-07-20,9.5
2757,1988-07-21,5.6
2758,1988-07-22,7.0
2759,1988-07-23,8.5
2760,1988-07-24,8.5
2761,1988-07-25,8.2
2762,1988-07-26,8.5
2763,1988-07-27,9.6
2764,1988-07-28,9.7
2765,1988-07-29,7.1
2766,1988-07-30,8.4
2767,1988-07-31,9.2
2768,1988-08-01,9.8
2769,1988-08-02,8.1
2770,1988-08-03,9.4
2771,1988-08-04,10.0
2772,1988-08-05,5.1
2773,1988-08-06,6.7
2774,1988-08-07,6.9
2775,1988-08-08,6.8
2776,1988-08-09,8.6
2777,1988-08-10,9.1
2778,1988-08-11,3.9
2779,1988-08-12,4.8
2780,1988-08-13,8.4
2781,1988-08-14,11.6
2782,1988-08-15,12.1
2783,1988-08-16,12.4
2784,1988-08-17,10.0
2785,1988-08-18,10.1
2786,1988-08-19,9.7
2787,1988-08-20,11.7
2788,1988-08-21,7.9
2789,1988-08-22,8.6
2790,1988-08-23,7.7
2791,1988-08-24,5.8
2792,1988-08-25,8.7
2793,1988-08-26,10.6
2794,1988-08-27,6.7
2795,1988-08-28,8.8
2796,1988-08-29,9.7
2797,1988-08-30,9.0
2798,1988-08-31,11.8
2799,1988-09-01,15.2
2800,1988-09-02,10.0
2801,1988-09-03,10.5
2802,1988-09-04,5.5
2803,1988-09-05,9.4
2804,1988-09-06,8.8
2805,1988-09-07,5.3
2806,1988-09-08,13.0
2807,1988-09-09,15.2
2808,1988-09-10,13.2
2809,1988-09-11,11.5
2810,1988-09-12,6.8
2811,1988-09-13,4.7
2812,1988-09-14,5.2
2813,1988-09-15,6.8
2814,1988-09-16,10.7
2815,1988-09-17,10.1
2816,1988-09-18,10.0
2817,1988-09-19,9.8
2818,1988-09-20,5.5
2819,1988-09-21,13.5
2820,1988-09-22,16.6
2821,1988-09-23,8.4
2822,1988-09-24,8.2
2823,1988-09-25,11.1
2824,1988-09-26,10.8
2825,1988-09-27,8.8
2826,1988-09-28,10.8
2827,1988-09-29,8.7
2828,1988-09-30,12.4
2829,1988-10-01,9.0
2830,1988-10-02,13.5
2831,1988-10-03,14.7
2832,1988-10-04,10.9
2833,1988-10-05,8.5
2834,1988-10-06,6.0
2835,1988-10-07,12.7
2836,1988-10-08,11.1
2837,1988-10-09,8.7
2838,1988-10-10,12.3
2839,1988-10-11,13.3
2840,1988-10-12,5.6
2841,1988-10-13,13.7
2842,1988-10-14,8.5
2843,1988-10-15,11.2
2844,1988-10-16,8.7
2845,1988-10-17,11.7
2846,1988-10-18,12.5
2847,1988-10-19,8.2
2848,1988-10-20,15.6
2849,1988-10-21,10.3
2850,1988-10-22,11.4
2851,1988-10-23,9.7
2852,1988-10-24,6.3
2853,1988-10-25,14.3
2854,1988-10-26,11.3
2855,1988-10-27,7.3
2856,1988-10-28,12.8
2857,1988-10-29,11.9
2858,1988-10-30,14.3
2859,1988-10-31,11.6
2860,1988-11-01,13.2
2861,1988-11-02,15.5
2862,1988-11-03,14.1
2863,1988-11-04,9.5
2864,1988-11-05,7.2
2865,1988-11-06,11.8
2866,1988-11-07,16.8
2867,1988-11-08,12.5
2868,1988-11-09,9.4
2869,1988-11-10,11.9
2870,1988-11-11,10.3
2871,1988-11-12,16.9
2872,1988-11-13,17.5
2873,1988-11-14,7.5
2874,1988-11-15,8.6
2875,1988-11-16,11.1
2876,1988-11-17,11.5
2877,1988-11-18,10.7
2878,1988-11-19,15.7
2879,1988-11-20,12.8
2880,1988-11-21,13.0
2881,1988-11-22,12.9
2882,1988-11-23,14.3
2883,1988-11-24,13.7
2884,1988-11-25,12.1
2885,1988-11-26,11.9
2886,1988-11-27,11.8
2887,1988-11-28,11.4
2888,1988-11-29,10.3
2889,1988-11-30,11.7
2890,1988-12-01,12.0
2891,1988-12-02,17.4
2892,1988-12-03,16.8
2893,1988-12-04,16.2
2894,1988-12-05,13.0
2895,1988-12-06,12.5
2896,1988-12-07,12.4
2897,1988-12-08,16.1
2898,1988-12-09,20.2
2899,1988-12-10,14.3
2900,1988-12-11,11.0
2901,1988-12-12,14.4
2902,1988-12-13,15.7
2903,1988-12-14,19.7
2904,1988-12-15,20.7
2905,1988-12-16,23.9
2906,1988-12-17,16.6
2907,1988-12-18,17.5
2908,1988-12-19,14.9
2909,1988-12-20,13.6
2910,1988-12-21,11.9
2911,1988-12-22,15.2
2912,1988-12-23,17.3
2913,1988-12-24,19.8
2914,1988-12-25,15.8
2915,1988-12-26,9.5
2916,1988-12-27,12.9
2917,1988-12-28,12.9
2918,1988-12-29,14.8
2919,1988-12-30,14.1
2920,1989-01-01,14.3
2921,1989-01-02,17.4
2922,1989-01-03,18.5
2923,1989-01-04,16.8
2924,1989-01-05,11.5
2925,1989-01-06,9.5
2926,1989-01-07,12.2
2927,1989-01-08,15.7
2928,1989-01-09,16.3
2929,1989-01-10,13.6
2930,1989-01-11,12.6
2931,1989-01-12,13.8
2932,1989-01-13,12.1
2933,1989-01-14,13.4
2934,1989-01-15,17.3
2935,1989-01-16,19.4
2936,1989-01-17,16.6
2937,1989-01-18,13.9
2938,1989-01-19,13.1
2939,1989-01-20,16.0
2940,1989-01-21,14.5
2941,1989-01-22,15.0
2942,1989-01-23,12.6
2943,1989-01-24,12.5
2944,1989-01-25,15.2
2945,1989-01-26,16.2
2946,1989-01-27,16.5
2947,1989-01-28,20.1
2948,1989-01-29,20.6
2949,1989-01-30,16.9
2950,1989-01-31,16.5
2951,1989-02-01,16.1
2952,1989-02-02,14.4
2953,1989-02-03,16.3
2954,1989-02-04,15.7
2955,1989-02-05,14.2
2956,1989-02-06,13.2
2957,1989-02-07,16.8
2958,1989-02-08,18.5
2959,1989-02-09,16.7
2960,1989-02-10,15.3
2961,1989-02-11,15.9
2962,1989-02-12,15.2
2963,1989-02-13,17.5
2964,1989-02-14,18.3
2965,1989-02-15,19.4
2966,1989-02-16,19.4
2967,1989-02-17,19.5
2968,1989-02-18,20.5
2969,1989-02-19,15.7
2970,1989-02-20,15.0
2971,1989-02-21,16.1
2972,1989-02-22,14.3
2973,1989-02-23,13.0
2974,1989-02-24,16.2
2975,1989-02-25,17.7
2976,1989-02-26,13.2
2977,1989-02-27,15.8
2978,1989-02-28,18.5
2979,1989-03-01,20.4
2980,1989-03-02,22.0
2981,1989-03-03,19.7
2982,1989-03-04,19.6
2983,1989-03-05,20.3
2984,1989-03-06,18.3
2985,1989-03-07,18.9
2986,1989-03-08,20.3
2987,1989-03-09,21.4
2988,1989-03-10,18.3
2989,1989-03-11,17.8
2990,1989-03-12,17.7
2991,1989-03-13,12.8
2992,1989-03-14,15.1
2993,1989-03-15,15.0
2994,1989-03-16,14.8
2995,1989-03-17,12.0
2996,1989-03-18,12.5
2997,1989-03-19,15.0
2998,1989-03-20,17.1
2999,1989-03-21,17.3
3000,1989-03-22,16.9
3001,1989-03-23,16.5
3002,1989-03-24,13.6
3003,1989-03-25,13.2
3004,1989-03-26,9.4
3005,1989-03-27,9.5
3006,1989-03-28,11.8
3007,1989-03-29,10.4
3008,1989-03-30,9.7
3009,1989-03-31,12.6
3010,1989-04-01,13.3
3011,1989-04-02,15.1
3012,1989-04-03,14.2
3013,1989-04-04,14.2
3014,1989-04-05,19.2
3015,1989-04-06,12.6
3016,1989-04-07,14.2
3017,1989-04-08,11.9
3018,1989-04-09,13.9
3019,1989-04-10,13.5
3020,1989-04-11,15.3
3021,1989-04-12,13.9
3022,1989-04-13,14.0
3023,1989-04-14,12.9
3024,1989-04-15,8.5
3025,1989-04-16,11.4
3026,1989-04-17,10.9
3027,1989-04-18,12.0
3028,1989-04-19,8.6
3029,1989-04-20,9.0
3030,1989-04-21,9.6
3031,1989-04-22,10.2
3032,1989-04-23,9.8
3033,1989-04-24,8.3
3034,1989-04-25,11.0
3035,1989-04-26,11.9
3036,1989-04-27,14.0
3037,1989-04-28,15.8
3038,1989-04-29,14.5
3039,1989-04-30,13.2
3040,1989-05-01,14.2
3041,1989-05-02,14.6
3042,1989-05-03,11.8
3043,1989-05-04,14.4
3044,1989-05-05,10.4
3045,1989-05-06,10.3
3046,1989-05-07,10.8
3047,1989-05-08,10.5
3048,1989-05-09,9.5
3049,1989-05-10,12.5
3050,1989-05-11,13.7
3051,1989-05-12,12.7
3052,1989-05-13,11.9
3053,1989-05-14,11.4
3054,1989-05-15,9.7
3055,1989-05-16,8.3
3056,1989-05-17,8.1
3057,1989-05-18,11.7
3058,1989-05-19,11.6
3059,1989-05-20,7.4
3060,1989-05-21,5.2
3061,1989-05-22,11.0
3062,1989-05-23,9.5
3063,1989-05-24,9.2
3064,1989-05-25,10.7
3065,1989-05-26,9.0
3066,1989-05-27,10.2
3067,1989-05-28,10.3
3068,1989-05-29,12.1
3069,1989-05-30,13.2
3070,1989-05-31,6.6
3071,1989-06-01,2.3
3072,1989-06-02,1.4
3073,1989-06-03,2.1
3074,1989-06-04,6.6
3075,1989-06-05,8.9
3076,1989-06-06,7.8
3077,1989-06-07,9.0
3078,1989-06-08,10.3
3079,1989-06-09,7.9
3080,1989-06-10,7.2
3081,1989-06-11,8.6
3082,1989-06-12,8.8
3083,1989-06-13,6.2
3084,1989-06-14,9.5
3085,1989-06-15,10.2
3086,1989-06-16,9.7
3087,1989-06-17,11.2
3088,1989-06-18,10.2
3089,1989-06-19,10.1
3090,1989-06-20,8.1
3091,1989-06-21,6.6
3092,1989-06-22,5.0
3093,1989-06-23,4.7
3094,1989-06-24,5.3
3095,1989-06-25,4.5
3096,1989-06-26,2.3
3097,1989-06-27,1.4
3098,1989-06-28,0.5
3099,1989-06-29,2.4
3100,1989-06-30,8.0
3101,1989-07-01,6.0
3102,1989-07-02,7.1
3103,1989-07-03,9.7
3104,1989-07-04,6.9
3105,1989-07-05,5.3
3106,1989-07-06,7.0
3107,1989-07-07,6.2
3108,1989-07-08,7.0
3109,1989-07-09,9.7
3110,1989-07-10,8.0
3111,1989-07-11,8.5
3112,1989-07-12,7.1
3113,1989-07-13,7.5
3114,1989-07-14,3.3
3115,1989-07-15,1.8
3116,1989-07-16,2.6
3117,1989-07-17,5.3
3118,1989-07-18,5.8
3119,1989-07-19,5.8
3120,1989-07-20,7.2
3121,1989-07-21,5.3
3122,1989-07-22,1.6
3123,1989-07-23,3.1
3124,1989-07-24,5.3
3125,1989-07-25,7.7
3126,1989-07-26,4.2
3127,1989-07-27,5.5
3128,1989-07-28,9.0
3129,1989-07-29,11.2
3130,1989-07-30,8.0
3131,1989-07-31,7.6
3132,1989-08-01,3.7
3133,1989-08-02,7.5
3134,1989-08-03,8.1
3135,1989-08-04,8.4
3136,1989-08-05,7.1
3137,1989-08-06,7.6
3138,1989-08-07,7.6
3139,1989-08-08,5.6
3140,1989-08-09,7.0
3141,1989-08-10,10.5
3142,1989-08-11,7.3
3143,1989-08-12,7.8
3144,1989-08-13,5.8
3145,1989-08-14,3.8
3146,1989-08-15,5.8
3147,1989-08-16,6.7
3148,1989-08-17,6.6
3149,1989-08-18,6.6
3150,1989-08-19,9.0
3151,1989-08-20,8.1
3152,1989-08-21,5.1
3153,1989-08-22,8.6
3154,1989-08-23,7.0
3155,1989-08-24,5.5
3156,1989-08-25,7.4
3157,1989-08-26,6.2
3158,1989-08-27,4.2
3159,1989-08-28,6.3
3160,1989-08-29,7.0
3161,1989-08-30,4.0
3162,1989-08-31,8.0
3163,1989-09-01,8.8
3164,1989-09-02,8.8
3165,1989-09-03,6.1
3166,1989-09-04,8.6
3167,1989-09-05,8.9
3168,1989-09-06,7.8
3169,1989-09-07,5.0
3170,1989-09-08,7.0
3171,1989-09-09,13.3
3172,1989-09-10,7.9
3173,1989-09-11,7.5
3174,1989-09-12,8.3
3175,1989-09-13,7.2
3176,1989-09-14,6.5
3177,1989-09-15,8.9
3178,1989-09-16,7.4
3179,1989-09-17,9.9
3180,1989-09-18,9.3
3181,1989-09-19,10.6
3182,1989-09-20,8.6
3183,1989-09-21,7.2
3184,1989-09-22,12.6
3185,1989-09-23,7.8
3186,1989-09-24,6.3
3187,1989-09-25,9.2
3188,1989-09-26,5.8
3189,1989-09-27,9.0
3190,1989-09-28,5.0
3191,1989-09-29,11.9
3192,1989-09-30,13.4
3193,1989-10-01,10.5
3194,1989-10-02,6.2
3195,1989-10-03,5.1
3196,1989-10-04,9.5
3197,1989-10-05,11.7
3198,1989-10-06,9.2
3199,1989-10-07,7.3
3200,1989-10-08,9.7
3201,1989-10-09,9.4
3202,1989-10-10,10.0
3203,1989-10-11,10.9
3204,1989-10-12,11.0
3205,1989-10-13,10.9
3206,1989-10-14,8.0
3207,1989-10-15,11.2
3208,1989-10-16,7.5
3209,1989-10-17,7.2
3210,1989-10-18,13.2
3211,1989-10-19,12.9
3212,1989-10-20,9.4
3213,1989-10-21,10.2
3214,1989-10-22,9.5
3215,1989-10-23,12.4
3216,1989-10-24,10.2
3217,1989-10-25,13.4
3218,1989-10-26,11.6
3219,1989-10-27,8.0
3220,1989-10-28,9.0
3221,1989-10-29,9.3
3222,1989-10-30,13.5
3223,1989-10-31,8.0
3224,1989-11-01,8.1
3225,1989-11-02,10.0
3226,1989-11-03,8.5
3227,1989-11-04,12.5
3228,1989-11-05,15.0
3229,1989-11-06,13.3
3230,1989-11-07,11.0
3231,1989-11-08,11.9
3232,1989-11-09,8.3
3233,1989-11-10,9.7
3234,1989-11-11,11.3
3235,1989-11-12,12.5
3236,1989-11-13,9.4
3237,1989-11-14,11.4
3238,1989-11-15,13.2
3239,1989-11-16,13.8
3240,1989-11-17,16.0
3241,1989-11-18,10.9
3242,1989-11-19,11.9
3243,1989-11-20,12.4
3244,1989-11-21,13.2
3245,1989-11-22,15.5
3246,1989-11-23,21.6
3247,1989-11-24,14.9
3248,1989-11-25,14.4
3249,1989-11-26,12.9
3250,1989-11-27,13.1
3251,1989-11-28,14.0
3252,1989-11-29,17.9
3253,1989-11-30,17.7
3254,1989-12-01,16.3
3255,1989-12-02,18.3
3256,1989-12-03,13.7
3257,1989-12-04,13.3
3258,1989-12-05,10.6
3259,1989-12-06,14.1
3260,1989-12-07,16.0
3261,1989-12-08,16.5
3262,1989-12-09,14.1
3263,1989-12-10,18.7
3264,1989-12-11,16.2
3265,1989-12-12,14.8
3266,1989-12-13,12.6
3267,1989-12-14,10.4
3268,1989-12-15,12.2
3269,1989-12-16,12.6
3270,1989-12-17,12.1
3271,1989-12-18,17.3
3272,1989-12-19,16.4
3273,1989-12-20,12.6
3274,1989-12-21,12.3
3275,1989-12-22,11.8
3276,1989-12-23,12.0
3277,1989-12-24,12.7
3278,1989-12-25,16.4
3279,1989-12-26,16.0
3280,1989-12-27,13.3
3281,1989-12-28,11.7
3282,1989-12-29,10.4
3283,1989-12-30,14.4
3284,1989-12-31,12.7
3285,1990-01-01,14.8
3286,1990-01-02,13.3
3287,1990-01-03,15.6
3288,1990-01-04,14.5
3289,1990-01-05,14.3
3290,1990-01-06,15.3
3291,1990-01-07,16.4
3292,1990-01-08,14.8
3293,1990-01-09,17.4
3294,1990-01-10,18.8
3295,1990-01-11,22.1
3296,1990-01-12,19.0
3297,1990-01-13,15.5
3298,1990-01-14,15.8
3299,1990-01-15,14.7
3300,1990-01-16,10.7
3301,1990-01-17,11.5
3302,1990-01-18,15.0
3303,1990-01-19,14.5
3304,1990-01-20,14.5
3305,1990-01-21,13.3
3306,1990-01-22,14.3
3307,1990-01-23,14.3
3308,1990-01-24,20.5
3309,1990-01-25,15.0
3310,1990-01-26,17.1
3311,1990-01-27,16.9
3312,1990-01-28,16.9
3313,1990-01-29,13.6
3314,1990-01-30,16.4
3315,1990-01-31,16.1
3316,1990-02-01,12.0
3317,1990-02-02,12.2
3318,1990-02-03,14.8
3319,1990-02-04,14.8
3320,1990-02-05,14.4
3321,1990-02-06,12.9
3322,1990-02-07,13.4
3323,1990-02-08,15.9
3324,1990-02-09,16.1
3325,1990-02-10,17.6
3326,1990-02-11,15.6
3327,1990-02-12,15.0
3328,1990-02-13,13.0
3329,1990-02-14,14.1
3330,1990-02-15,17.3
3331,1990-02-16,15.7
3332,1990-02-17,18.6
3333,1990-02-18,12.7
3334,1990-02-19,14.0
3335,1990-02-20,13.7
3336,1990-02-21,16.3
3337,1990-02-22,20.0
3338,1990-02-23,17.0
3339,1990-02-24,15.2
3340,1990-02-25,16.5
3341,1990-02-26,16.5
3342,1990-02-27,17.3
3343,1990-02-28,19.1
3344,1990-03-01,19.3
3345,1990-03-02,17.3
3346,1990-03-03,19.0
3347,1990-03-04,19.8
3348,1990-03-05,19.3
3349,1990-03-06,17.2
3350,1990-03-07,14.2
3351,1990-03-08,10.3
3352,1990-03-09,13.0
3353,1990-03-10,15.3
3354,1990-03-11,15.0
3355,1990-03-12,12.1
3356,1990-03-13,9.2
3357,1990-03-14,11.0
3358,1990-03-15,15.0
3359,1990-03-16,11.6
3360,1990-03-17,11.6
3361,1990-03-18,15.1
3362,1990-03-19,15.0
3363,1990-03-20,13.6
3364,1990-03-21,12.5
3365,1990-03-22,14.3
3366,1990-03-23,16.0
3367,1990-03-24,17.4
3368,1990-03-25,16.9
3369,1990-03-26,18.0
3370,1990-03-27,20.6
3371,1990-03-28,14.2
3372,1990-03-29,10.9
3373,1990-03-30,11.9
3374,1990-03-31,13.3
3375,1990-04-01,15.3
3376,1990-04-02,14.7
3377,1990-04-03,11.0
3378,1990-04-04,12.2
3379,1990-04-05,14.2
3380,1990-04-06,17.0
3381,1990-04-07,15.8
3382,1990-04-08,15.2
3383,1990-04-09,15.1
3384,1990-04-10,14.7
3385,1990-04-11,18.5
3386,1990-04-12,16.4
3387,1990-04-13,18.4
3388,1990-04-14,15.1
3389,1990-04-15,9.9
3390,1990-04-16,10.2
3391,1990-04-17,12.6
3392,1990-04-18,13.2
3393,1990-04-19,11.5
3394,1990-04-20,13.8
3395,1990-04-21,14.5
3396,1990-04-22,14.7
3397,1990-04-23,11.2
3398,1990-04-24,12.7
3399,1990-04-25,13.7
3400,1990-04-26,11.5
3401,1990-04-27,10.4
3402,1990-04-28,8.9
3403,1990-04-29,11.1
3404,1990-04-30,9.5
3405,1990-05-01,13.0
3406,1990-05-02,13.9
3407,1990-05-03,12.6
3408,1990-05-04,14.3
3409,1990-05-05,16.0
3410,1990-05-06,13.3
3411,1990-05-07,7.0
3412,1990-05-08,4.9
3413,1990-05-09,6.9
3414,1990-05-10,13.7
3415,1990-05-11,10.6
3416,1990-05-12,12.3
3417,1990-05-13,11.1
3418,1990-05-14,10.2
3419,1990-05-15,9.5
3420,1990-05-16,8.9
3421,1990-05-17,13.4
3422,1990-05-18,9.1
3423,1990-05-19,9.4
3424,1990-05-20,8.7
3425,1990-05-21,5.8
3426,1990-05-22,4.5
3427,1990-05-23,7.2
3428,1990-05-24,10.0
3429,1990-05-25,10.5
3430,1990-05-26,10.7
3431,1990-05-27,8.2
3432,1990-05-28,6.1
3433,1990-05-29,4.5
3434,1990-05-30,6.1
3435,1990-05-31,9.8
3436,1990-06-01,9.7
3437,1990-06-02,8.2
3438,1990-06-03,8.4
3439,1990-06-04,8.5
3440,1990-06-05,10.4
3441,1990-06-06,6.8
3442,1990-06-07,6.0
3443,1990-06-08,6.6
3444,1990-06-09,7.8
3445,1990-06-10,10.3
3446,1990-06-11,7.2
3447,1990-06-12,7.4
3448,1990-06-13,11.4
3449,1990-06-14,5.4
3450,1990-06-15,4.4
3451,1990-06-16,6.4
3452,1990-06-17,9.3
3453,1990-06-18,7.7
3454,1990-06-19,8.1
3455,1990-06-20,8.3
3456,1990-06-21,9.1
3457,1990-06-22,7.7
3458,1990-06-23,10.6
3459,1990-06-24,8.2
3460,1990-06-25,7.9
3461,1990-06-26,5.2
3462,1990-06-27,5.9
3463,1990-06-28,3.7
3464,1990-06-29,5.6
3465,1990-06-30,9.4
3466,1990-07-01,7.4
3467,1990-07-02,7.3
3468,1990-07-03,7.7
3469,1990-07-04,7.7
3470,1990-07-05,9.3
3471,1990-07-06,4.4
3472,1990-07-07,5.7
3473,1990-07-08,10.2
3474,1990-07-09,10.2
3475,1990-07-10,9.3
3476,1990-07-11,5.4
3477,1990-07-12,5.0
3478,1990-07-13,7.6
3479,1990-07-14,9.6
3480,1990-07-15,10.4
3481,1990-07-16,11.2
3482,1990-07-17,9.1
3483,1990-07-18,11.2
3484,1990-07-19,6.8
3485,1990-07-20,8.3
3486,1990-07-21,9.7
3487,1990-07-22,9.6
3488,1990-07-23,9.8
3489,1990-07-24,10.8
3490,1990-07-25,9.2
3491,1990-07-26,6.5
3492,1990-07-27,8.1
3493,1990-07-28,7.3
3494,1990-07-29,7.9
3495,1990-07-30,6.0
3496,1990-07-31,5.0
3497,1990-08-01,6.8
3498,1990-08-02,9.8
3499,1990-08-03,5.7
3500,1990-08-04,8.6
3501,1990-08-05,10.6
3502,1990-08-06,7.8
3503,1990-08-07,7.7
3504,1990-08-08,8.6
3505,1990-08-09,6.5
3506,1990-08-10,6.9
3507,1990-08-11,6.4
3508,1990-08-12,8.5
3509,1990-08-13,7.8
3510,1990-08-14,9.3
3511,1990-08-15,8.4
3512,1990-08-16,7.8
3513,1990-08-17,7.4
3514,1990-08-18,7.7
3515,1990-08-19,8.9
3516,1990-08-20,9.7
3517,1990-08-21,9.9
3518,1990-08-22,6.1
3519,1990-08-23,6.6
3520,1990-08-24,7.6
3521,1990-08-25,7.4
3522,1990-08-26,8.0
3523,1990-08-27,2.1
3524,1990-08-28,5.9
3525,1990-08-29,11.6
3526,1990-08-30,8.6
3527,1990-08-31,7.9
3528,1990-09-01,6.0
3529,1990-09-02,9.5
3530,1990-09-03,8.6
3531,1990-09-04,7.6
3532,1990-09-05,10.4
3533,1990-09-06,10.3
3534,1990-09-07,7.5
3535,1990-09-08,3.0
3536,1990-09-09,5.3
3537,1990-09-10,10.5
3538,1990-09-11,14.6
3539,1990-09-12,12.6
3540,1990-09-13,9.8
3541,1990-09-14,7.2
3542,1990-09-15,10.1
3543,1990-09-16,10.4
3544,1990-09-17,3.7
3545,1990-09-18,7.3
3546,1990-09-19,11.6
3547,1990-09-20,16.3
3548,1990-09-21,9.6
3549,1990-09-22,6.8
3550,1990-09-23,5.2
3551,1990-09-24,10.6
3552,1990-09-25,16.3
3553,1990-09-26,9.8
3554,1990-09-27,4.6
3555,1990-09-28,11.1
3556,1990-09-29,8.7
3557,1990-09-30,10.0
3558,1990-10-01,11.3
3559,1990-10-02,10.5
3560,1990-10-03,9.9
3561,1990-10-04,11.0
3562,1990-10-05,14.0
3563,1990-10-06,9.2
3564,1990-10-07,9.8
3565,1990-10-08,6.0
3566,1990-10-09,9.8
3567,1990-10-10,9.2
3568,1990-10-11,11.8
3569,1990-10-12,10.3
3570,1990-10-13,7.5
3571,1990-10-14,7.7
3572,1990-10-15,15.8
3573,1990-10-16,14.6
3574,1990-10-17,10.5
3575,1990-10-18,11.3
3576,1990-10-19,10.9
3577,1990-10-20,6.4
3578,1990-10-21,10.9
3579,1990-10-22,9.0
3580,1990-10-23,10.9
3581,1990-10-24,12.4
3582,1990-10-25,11.6
3583,1990-10-26,13.3
3584,1990-10-27,14.4
3585,1990-10-28,18.4
3586,1990-10-29,13.6
3587,1990-10-30,14.9
3588,1990-10-31,14.8
3589,1990-11-01,15.4
3590,1990-11-02,11.8
3591,1990-11-03,13.0
3592,1990-11-04,11.1
3593,1990-11-05,12.5
3594,1990-11-06,18.3
3595,1990-11-07,19.2
3596,1990-11-08,15.4
3597,1990-11-09,13.1
3598,1990-11-10,11.5
3599,1990-11-11,8.6
3600,1990-11-12,12.6
3601,1990-11-13,13.8
3602,1990-11-14,14.6
3603,1990-11-15,13.2
3604,1990-11-16,12.3
3605,1990-11-17,8.8
3606,1990-11-18,10.7
3607,1990-11-19,9.9
3608,1990-11-20,8.3
3609,1990-11-21,15.0
3610,1990-11-22,12.2
3611,1990-11-23,10.5
3612,1990-11-24,11.1
3613,1990-11-25,13.0
3614,1990-11-26,12.9
3615,1990-11-27,8.8
3616,1990-11-28,14.7
3617,1990-11-29,14.7
3618,1990-11-30,12.7
3619,1990-12-01,13.3
3620,1990-12-02,13.2
3621,1990-12-03,16.2
3622,1990-12-04,17.3
3623,1990-12-05,20.5
3624,1990-12-06,20.2
3625,1990-12-07,19.4
3626,1990-12-08,15.5
3627,1990-12-09,14.1
3628,1990-12-10,11.0
3629,1990-12-11,11.1
3630,1990-12-12,14.0
3631,1990-12-13,11.4
3632,1990-12-14,12.5
3633,1990-12-15,13.4
3634,1990-12-16,13.6
3635,1990-12-17,13.9
3636,1990-12-18,17.2
3637,1990-12-19,14.7
3638,1990-12-20,15.4
3639,1990-12-21,13.1
3640,1990-12-22,13.2
3641,1990-12-23,13.9
3642,1990-12-24,10.0
